Workbook

Sheet 动作库
A1: 序号 | B1: 动作Key/ID | C1: 动作名称 | D1: 身体部位分类 | E1: 主要肌群 | F1: 次要肌群 | G1: 器械分类 | H1: 器械 | I1: 训练类型 | J1: 媒体类型 | K1: 本地媒体文件 | L1: 图片相对路径 | M1: 原始mp4字段 | N1: 主视频URL | O1: 动作讲解视频相对路径 | P1: 英文名 | Q1: 别名 | R1: 相关动作
A2: 1 | B2: 10431201 | C2: 负重颈弯举 | D2: 颈部 | G2: 其他 | H2: 杠铃、哑铃、颈部训练器、负重带 | I2: weight | J2: gif | K2: 0001_负重颈弯举_10431201.gif | L2: 训记_动作图片_GIF_按身体部位分类/images/颈部/0001_负重颈弯举_10431201.gif | M2: 10431201_withnewxunji.mp4 | P2: Weighted Neck Curl / Weighted Neck Flexion | Q2: 颈弯举、负重颈部弯举、颈部负重弯举 | R2: 徒手颈弯举、颈部抗阻屈伸、仰卧颈弯举
A3: 2 | B3: 13001201 | C3: 下斜悍马机推胸 | D3: 胸 | E3: 胸大肌、三角肌前束 | F3: 上胸、肱三头肌 | G3: 悍马机 | H3: 悍马器械、悍马机（Hammer Strength器械）、固定轨迹推胸器械 | I3: weight | J3: gif | K3: 0002_下斜悍马机推胸_13001201.gif | L3: 训记_动作图片_GIF_按身体部位分类/images/胸/0002_下斜悍马机推胸_13001201.gif | M3: 13001201-Lever-Decline-Chest-Press_Chest__withnewxunji.mp4 | P3: Decline Hammer Chest Press / Hammer Strength Decline Chest Press | Q3: 悍马机下斜推胸、下斜推胸（器械）、器械下斜推胸、哈克机下斜推胸 | R3: 平板悍马机推胸、上斜悍马机推胸、器械坐姿推胸
A4: 3 | B4: 13461201 | C4: 跪姿前伸手 | D4: 热身动作 | E4: 背阔肌、背 | F4: 三角肌后束 | G4: 自重 | H4: 自重、瑜伽垫 | I4: plus_weight | J4: gif | K4: 0003_跪姿前伸手_13461201.gif | L4: 训记_动作图片_GIF_按身体部位分类/images/热身动作/0003_跪姿前伸手_13461201.gif | M4: 13461201-Kneeling-Lat-Stretch_Back_withnewxunji.mp4 | P4: Kneeling Forward Reach / Kneeling Lat Stretch / Single-Arm Kneeling Reach | Q4: 跪姿前伸展、跪姿手臂前伸、跪姿背阔肌拉伸、单臂跪姿前伸 | R4: 猫牛式、站姿背阔肌拉伸、婴儿式
A5: 4 | B5: 13471201 | C5: 单手悍马机下拉 | D5: 背 | E5: 背阔肌、三角肌后束 | F5: 前臂、斜方肌 | G5: 悍马机 | H5: 悍马器械、悍马机（Hammer Strength器械） | I5: weight | J5: gif | K5: 0004_单手悍马机下拉_13471201.gif | L5: 训记_动作图片_GIF_按身体部位分类/images/背/0004_单手悍马机下拉_13471201.gif | M5: 13471201-Lever-One-Arm-Lateral-Wide-Pulldown-(plate-loaded)_Back_withnewxunji.mp4 | P5: Single-Arm Hammer Strength Lat Pulldown / One-Arm Hammer Lat Pulldown | Q5: 悍马机单手下拉、单臂悍马下拉、单手哈玛机下拉 | R5: 坐姿绳索高位下拉、单臂哑铃划船、直臂下压
A6: 5 | B6: 13501201 | C6: 器械划船1 | D6: 背 | E6: 背阔肌、三角肌后束 | F6: 前臂 | G6: 器械 | H6: 固定器械、划船器械、坐姿划船机 | I6: weight | J6: gif | K6: 0005_器械划船1_13501201.gif | L6: 训记_动作图片_GIF_按身体部位分类/images/背/0005_器械划船1_13501201.gif | M6: 13501201-Lever-Seated-Row_Back_withnewxunji.mp4 | P6: Machine Row / Seated Machine Row | Q6: 器械划船、坐姿器械划船、背部器械划船 | R6: 哑铃划船、杠铃划船、高位下拉
A7: 6 | B7: 15331201 | C7: 抓举 | D7: 腿 | E7: 股四头肌、腘绳肌 | F7: 臀大肌 | G7: 杠铃 | H7: 杠铃 | I7: weight | J7: gif | K7: 0006_抓举_15331201.gif | L7: 训记_动作图片_GIF_按身体部位分类/images/腿/0006_抓举_15331201.gif | M7: 15331201-Barbell-Snatch_Weightlifts__withnewxunji.mp4 | P7: Snatch / Barbell Snatch | Q7: 杠铃抓举、抓举动作、抓举训练 | R7: 高翻、硬拉、深蹲
A8: 7 | B8: 15971201 | C8: 史密斯罗马尼亚硬拉 | D8: 臀部 | E8: 臀中肌、腘绳肌 | F8: 臀大肌 | G8: 史密斯机 | H8: 史密斯机、杠铃（固定于史密斯机） | I8: weight | J8: gif | K8: 0007_史密斯罗马尼亚硬拉_15971201.gif | L8: 训记_动作图片_GIF_按身体部位分类/images/臀部/0007_史密斯罗马尼亚硬拉_15971201.gif | M8: 15971201-Smith-Stiff-Legged-Deadlift_Hips__withnewxunji.mp4 | P8: Smith Machine Romanian Deadlift / Smith RDL | Q8: 史密斯机罗马尼亚硬拉、罗马尼亚硬拉（史密斯机）、史密斯直腿硬拉 | R8: 传统罗马尼亚硬拉、哑铃罗马尼亚硬拉、史密斯臀桥
A9: 8 | B9: 18571201 | C9: 坐姿器械卷腹 | D9: 腹部 | E9: 腹直肌、腹斜肌 | G9: 器械 | H9: 固定器械、卷腹器械、腹部训练机 | I9: weight | J9: gif | K9: 0008_坐姿器械卷腹_18571201.gif | L9: 训记_动作图片_GIF_按身体部位分类/images/腹部/0008_坐姿器械卷腹_18571201.gif | M9: 18571201-Lever-Total-Abdominal-Crunch_Waist_withnewxunji.mp4 | P9: Seated Machine Crunch / Machine Crunch | Q9: 器械卷腹、坐姿卷腹、卷腹器械训练 | R9: 仰卧卷腹、绳索卷腹、悬垂举腿
A10: 9 | B10: 18651201 | C10: 对握引体向上 | D10: 背 | E10: 背阔肌、背 | F10: 三角肌后束、前臂、斜方肌、肱二头肌、肱二头肌外侧头 | G10: 自重 | H10: 自重、单杠、引体向上杆、健身房单杠 | I10: plus_weight | J10: gif | K10: 0009_对握引体向上_18651201.gif | L10: 训记_动作图片_GIF_按身体部位分类/images/背/0009_对握引体向上_18651201.gif | M10: 18651201-Hammer-Grip-Pull-up-on-Dip-Cage_Back_withnewxunji.mp4 | P10: Neutral-Grip Pull-Up / Hammer Grip Pull-Up / Parallel Grip Pull-Up | Q10: 反握引体向上、中性握引体向上、掌心相对引体向上 | R10: 正握引体向上、反握引体向上、宽握引体向上
A11: 10 | B11: 18761201 | C11: 悍马机侧平举 | D11: 肩 | E11: 三角肌中束、三角肌前束 | F11: 三角肌后束 | G11: 悍马机 | H11: 悍马器械、悍马机、固定器械 | I11: weight | J11: gif | K11: 0010_悍马机侧平举_18761201.gif | L11: 训记_动作图片_GIF_按身体部位分类/images/肩/0010_悍马机侧平举_18761201.gif | M11: 18761201-Lever-Lateral-Raise-hammer_withnewxunji.mp4 | P11: Hammer Machine Lateral Raise / Machine Lateral Raise | Q11: 侧平举（悍马机）、悍马侧平举、器械侧平举 | R11: 哑铃侧平举、绳索侧平举、坐姿器械推举
A12: 11 | B12: 21421201 | C12: 滑雪机 | D12: 有氧 | G12: 其他 | H12: 滑雪机 | I12: times | J12: gif | K12: 0011_滑雪机_21421201.gif | L12: 训记_动作图片_GIF_按身体部位分类/images/有氧/0011_滑雪机_21421201.gif | M12: 21421201-Ski-Ergometer_Cardio__withnewxunji.mp4 | P12: SkiErg / Ski Ergometer / Ski Machine | Q12: 滑雪机训练、滑雪机有氧、滑雪机运动、室内滑雪机 | R12: 划船机、椭圆机、登山机
A13: 12 | B13: 21461201 | C13: 器械臀冲 | D13: 臀部 | E13: 臀中肌、臀大肌 | F13: 腘绳肌 | G13: 器械 | H13: 固定器械、臀冲训练机、髋部推举器械、带臀垫和脚垫的固定器械 | I13: weight | J13: gif | K13: 0012_器械臀冲_21461201.gif | L13: 训记_动作图片_GIF_按身体部位分类/images/臀部/0012_器械臀冲_21461201.gif | M13: 21461201-Lever-Hip-Thrust_Hips_withnewxunji.mp4 | P13: Machine Hip Thrust / Hip Thrust Machine | Q13: 臀冲（器械版）、机器臀冲、坐姿器械臀冲、器械髋部推举 | R13: 杠铃臀冲、自重臀桥、史密斯机臀冲
A14: 13 | B14: 21501201 | C14: 弹力带侧躺腿外展 | D14: 臀部 | E14: 臀中肌、臀大肌 | G14: TRX&弹力带 | H14: 弹力带、阻力带 | I14: weight | J14: gif | K14: 0013_弹力带侧躺腿外展_21501201.gif | L14: 训记_动作图片_GIF_按身体部位分类/images/臀部/0013_弹力带侧躺腿外展_21501201.gif | M14: 21501201-Resistance-Band-Clam_Hips__withnewxunji.mp4 | P14: Banded Side-Lying Leg Abduction / Resistance Band Side Leg Lift | Q14: 侧躺弹力带腿外展、弹力带侧卧腿外展、侧卧弹力带臀中肌训练 | R14: 侧卧腿上抬、弹力带站姿腿外展、侧卧蚌式开合
A15: 14 | B15: 22211201 | C15: 哑铃上凳 | D15: 臀部 | E15: 股四头肌、臀大肌 | F15: 腘绳肌、臀中肌 | G15: 哑铃 | H15: 哑铃、训练凳（或台阶） | I15: weight | J15: gif | K15: 0014_哑铃上凳_22211201.gif | L15: 训记_动作图片_GIF_按身体部位分类/images/臀部/0014_哑铃上凳_22211201.gif | M15: 22211201-Dumbbell-Step-Up-(female)_Thighs__withnewxunji.mp4 | P15: Dumbbell Step-Up / DB Step Up | Q15: 上凳哑铃、哑铃踏凳、哑铃登阶 | R15: 杠铃上凳、徒手上凳、哑铃弓步
A16: 15 | B16: 22651201 | C16: 器械划船2 | D16: 背 | E16: 背阔肌、三角肌后束 | F16: 前臂 | G16: 器械 | H16: 固定器械、划船机、坐姿划船器械 | I16: weight | J16: gif | K16: 0015_器械划船2_22651201.gif | L16: 训记_动作图片_GIF_按身体部位分类/images/背/0015_器械划船2_22651201.gif | M16: 22651201-Lever-Seated-Row-(version-2)_Back_withnewxunji.mp4 | P16: Machine Row / Seated Machine Row | Q16: 器械划船、坐姿器械划船、机器划船 | R16: 杠铃划船、哑铃划船、高位下拉
A17: 16 | B17: 22861201 | C17: 器械驴踢 | D17: 臀部 | E17: 臀中肌、腘绳肌 | F17: 臀大肌 | G17: 器械 | H17: 固定器械、器械驴踢机、臀部训练机、固定式驴踢训练器 | I17: weight | J17: gif | K17: 0016_器械驴踢_22861201.gif | L17: 训记_动作图片_GIF_按身体部位分类/images/臀部/0016_器械驴踢_22861201.gif | M17: 22861201-Lever-Hip-Extension-(VERSION-2)_Hips__withnewxunji.mp4 | P17: Machine Donkey Kick / Cable Donkey Kick (machine version) | Q17: 驴踢（器械）、器械臀踢、机器驴踢、坐姿器械驴踢 | R17: 徒手驴踢、弹力带驴踢、跪姿后踢腿
A18: 17 | B18: 23131201 | C18: 绳索内收 | D18: 臀部 | E18: 臀中肌、臀大肌 | G18: 绳索 | H18: 绳索器械、龙门架、缆绳机 | I18: weight | J18: gif | K18: 0017_绳索内收_23131201.gif | L18: 训记_动作图片_GIF_按身体部位分类/images/臀部/0017_绳索内收_23131201.gif | M18: 23131201-Cable-Hip-Adduction-(female)_Hips_withnewxunji.mp4 | P18: Cable Hip Adduction / Cable Inner Thigh | Q18: 绳索臀内收、缆绳内收、绳索侧抬腿、绳索髋内收 | R18: 站姿绳索外展、侧卧髋内收、器械髋内收
A19: 18 | B19: 24081201 | C19: 上斜负重头后仰 | D19: 颈部 | G19: 其他 | H19: 上斜训练凳、杠铃片、颈后负重带 | I19: weight | J19: gif | K19: 0018_上斜负重头后仰_24081201.gif | L19: 训记_动作图片_GIF_按身体部位分类/images/颈部/0018_上斜负重头后仰_24081201.gif | M19: 24081201_withnewxunji.mp4 | P19: Incline Weighted Neck Extension / Weighted Neck Hyperextension on Incline Bench | Q19: 上斜负重颈后仰、斜板负重头后仰、上斜颈后伸 | R19: 站姿负重头后仰、俯卧颈后伸、器械颈部伸展
A20: 19 | B20: 24091201 | C20: 上斜负重颈弯举 | D20: 颈部 | G20: 其他 | H20: 哑铃、杠铃、上斜训练凳、负重片 | I20: weight | J20: gif | K20: 0019_上斜负重颈弯举_24091201.gif | L20: 训记_动作图片_GIF_按身体部位分类/images/颈部/0019_上斜负重颈弯举_24091201.gif | M20: 24091201_withnewxunji.mp4 | P20: Incline Weighted Neck Curl / Weighted Incline Neck Curl | Q20: 上斜颈弯举、负重上斜颈弯举、颈后弯举（上斜） | R20: 站姿颈弯举、俯卧颈弯举、器械颈屈伸
A21: 20 | B21: 24101201 | C21: 站姿负重头后仰 | D21: 颈部 | G21: 其他 | H21: 哑铃、杠铃片、颈后负重带 | I21: weight | J21: gif | K21: 0020_站姿负重头后仰_24101201.gif | L21: 训记_动作图片_GIF_按身体部位分类/images/颈部/0020_站姿负重头后仰_24101201.gif | M21: 24101201_withnewxunji.mp4 | P21: Weighted Standing Neck Extension / Standing Weighted Neck Extension | Q21: 负重头后仰、站姿头后仰、颈部负重后仰 | R21: 坐姿负重头后仰、徒手头后仰、俯身头后仰
A22: 21 | B22: 24111201 | C22: 绳索头后仰 | D22: 颈部 | G22: 其他 | H22: 绳索、高位滑轮、颈带（可选） | I22: weight | J22: gif | K22: 0021_绳索头后仰_24111201.gif | L22: 训记_动作图片_GIF_按身体部位分类/images/颈部/0021_绳索头后仰_24111201.gif | M22: 24111201_withnewxunji.mp4 | P22: Cable Neck Extension / Rope Neck Extension | Q22: 头后仰、绳索颈部后仰、颈部后仰 | R22: 徒手头后仰、器械颈部后伸、俯身头后仰
A23: 22 | B23: 24121201 | C23: 绳索颈弯举 | D23: 颈部 | G23: 其他 | H23: 绳索（龙门架附件）、龙门架、高位滑轮 | I23: weight | J23: gif | K23: 0022_绳索颈弯举_24121201.gif | L23: 训记_动作图片_GIF_按身体部位分类/images/颈部/0022_绳索颈弯举_24121201.gif | M23: 24121201_withnewxunji.mp4 | P23: Cable Neck Curl / Rope Neck Curl | Q23: 颈弯举、绳索颈部弯举、颈部绳索弯举 | R23: 徒手颈弯举、杠铃颈后弯举、弹力带颈弯举
A24: 23 | B24: 25011201 | C24: 杠铃上凳 | D24: 臀部 | E24: 股四头肌、臀大肌 | F24: 腘绳肌、臀中肌 | G24: 杠铃 | H24: 杠铃、训练凳 | I24: weight | J24: gif | K24: 0023_杠铃上凳_25011201.gif | L24: 训记_动作图片_GIF_按身体部位分类/images/臀部/0023_杠铃上凳_25011201.gif | M24: 25011201-Barbell-Step-up-(female)_Hips__withnewxunji.mp4 | P24: Barbell Step-Up / Barbell Bench Step-Up | Q24: 杠铃登凳、杠铃上台阶、杠铃踏凳 | R24: 哑铃上凳、保加利亚分腿蹲、杠铃弓步蹲
A25: 24 | B25: 26561201 | C25: 背后二头单边弯举 | D25: 二头 | E25: 肱二头肌外侧头、前臂 | F25: 肱二头肌 | G25: 绳索 | H25: 绳索器械、龙门架、绳索把手、缆绳训练器 | I25: weight | J25: gif | K25: 0024_背后二头单边弯举_26561201.gif | L25: 训记_动作图片_GIF_按身体部位分类/images/二头/0024_背后二头单边弯举_26561201.gif | M25: 26561201-Cable-One-Arm-Biceps-Curl-(VERSION-2)_Upper-Arms__withnewxunji.mp4 | P25: Behind-the-back single-arm cable curl / Single-arm rear bicep curl / Cable behind back bicep curl | Q25: 单边背后二头弯举、龙门架背后单臂弯举、单手背后绳索弯举、背后单侧二头弯举 | R25: 站姿单臂绳索弯举、集中弯举、锤式弯举
A26: 25 | B26: 26591208 | C26: 上斜悍马机推胸 | D26: 胸 | E26: 上胸、三角肌前束 | F26: 肱三头肌、胸大肌 | G26: 悍马机 | H26: 悍马器械、悍马机（Hammer Strength Machine）、上斜推胸器械 | I26: weight | J26: gif | K26: 0025_上斜悍马机推胸_26591208.gif | L26: 训记_动作图片_GIF_按身体部位分类/images/胸/0025_上斜悍马机推胸_26591208.gif | M26: 26591208-Lever-Incline-Chest-Press_withnewxunji.mp4 | P26: Incline Hammer Chest Press / Incline Machine Chest Press | Q26: 上斜哈克推胸、上斜器械推胸、上斜推胸、悍马机上斜推胸 | R26: 平板悍马机推胸、上斜哑铃卧推、器械夹胸
A27: 26 | B27: 27591201 | C27: 器械侧踢 | D27: 臀部 | E27: 臀中肌、臀大肌 | G27: 器械 | H27: 固定器械、侧踢训练器、髋外展器械 | I27: weight | J27: gif | K27: 0026_器械侧踢_27591201.gif | L27: 训记_动作图片_GIF_按身体部位分类/images/臀部/0026_器械侧踢_27591201.gif | M27: 27591201-Lever-Side-Hip-Abduction-(female)_Hips__withnewxunji.mp4 | P27: Machine Side Kick / Cable Hip Abduction (Machine) | Q27: 侧踢器械训练、器械臀部侧踢、健身房侧踢 | R27: 站姿绳索侧踢、仰卧侧抬腿、器械髋外展
A28: 27 | B28: 27841201 | C28: 扩胸开合 | D28: 热身动作 | E28: 上胸、胸大肌 | F28: 三头、三角前束、胸、三角肌前束 | G28: 自重 | H28: 自重、无需器械、自重训练 | I28: plus_weight | J28: gif | K28: 0027_扩胸开合_27841201.gif | L28: 训记_动作图片_GIF_按身体部位分类/images/热身动作/0027_扩胸开合_27841201.gif | M28: 27841201-Shoulder---Transverse-Flexion_withnewxunji.mp4 | P28: Chest Opener Clap / Arm Circles for Chest / Straight-Arm Chest Opener | Q28: 开合扩胸、扩胸运动、手臂开合扩胸、直臂扩胸 | R28: 肩部绕环、俯身扩胸拉伸、站姿胸部拉伸
A29: 28 | B29: 29501201 | C29: 犀牛腰带机深蹲 | D29: 腿 | E29: 股四头肌、腘绳肌 | F29: 臀大肌 | G29: 器械 | H29: 固定器械、犀牛腰带机、腰带深蹲机、Belt Squat Machine | I29: weight | J29: gif | K29: 0028_犀牛腰带机深蹲_29501201.gif | L29: 训记_动作图片_GIF_按身体部位分类/images/腿/0028_犀牛腰带机深蹲_29501201.gif | M29: 29501201-Lever-Belt-Squat_Thighs__withnewxunji.mp4 | P29: Belt Squat / Hip Belt Squat Machine | Q29: 腰带机深蹲、犀牛深蹲、髋 belt squat、belt squat | R29: 杠铃深蹲、腿举、哈克深蹲
A30: 29 | B30: 29681201 | C30: 哑铃火箭推 | D30: 腿 | E30: 三角肌前束、股四头肌 | F30: 臀大肌、三角肌中束、上胸、腘绳肌 | G30: 哑铃 | H30: 哑铃 | I30: weight | J30: gif | K30: 0029_哑铃火箭推_29681201.gif | L30: 训记_动作图片_GIF_按身体部位分类/images/腿/0029_哑铃火箭推_29681201.gif | M30: 29681201-Dumbbell-Thruster_Thighs_withnewxunji.mp4 | P30: Dumbbell Thruster / Dumbbell Rocket Push / Thruster with Dumbbells | Q30: 火箭推、哑铃火箭推举、哑铃前蹲推举、Dumbbell Thruster | R30: 杠铃火箭推、哑铃前蹲、哑铃肩推
A31: 30 | B31: 29791201 | C31: 平板交替手肘支撑 | D31: 核心稳定 | G31: 其他 | I31: weight | J31: gif | K31: 0030_平板交替手肘支撑_29791201.gif | L31: 训记_动作图片_GIF_按身体部位分类/images/核心稳定/0030_平板交替手肘支撑_29791201.gif | M31: 29791201-Elbow_withnewxunji.mp4 | P31: Alternating Elbow Plank / Plank with Alternating Elbow Support | Q31: 交替手肘平板支撑、手肘交替平板支撑、平板支撑交替手肘 | R31: 标准平板支撑、侧平板支撑、动态平板支撑
A32: 31 | B32: 33051201 | C32: 杠铃火箭推 | D32: 腿 | E32: 三角肌前束、股四头肌 | F32: 臀大肌、三角肌中束、上胸、腘绳肌 | G32: 杠铃 | H32: 杠铃 | I32: weight | J32: gif | K32: 0031_杠铃火箭推_33051201.gif | L32: 训记_动作图片_GIF_按身体部位分类/images/腿/0031_杠铃火箭推_33051201.gif | M32: 33051201-Barbell-Thruster_Weightlifting__withnewxunji.mp4 | P32: Barbell Thruster / Thruster | Q32: 火箭推、杠铃推举深蹲、深蹲推举 | R32: 哑铃火箭推、壶铃火箭推、前蹲推举
A33: 32 | B33: 33431201 | C33: 器械把手侧平举 | D33: 肩 | E33: 三角肌中束、三角肌前束 | F33: 三角肌后束 | G33: 器械 | H33: 固定器械、器械把手、固定式肩部训练机、龙门架（若适用） | I33: weight | J33: gif | K33: 0032_器械把手侧平举_33431201.gif | L33: 训记_动作图片_GIF_按身体部位分类/images/肩/0032_器械把手侧平举_33431201.gif | M33: 33431201-Lever-Lateral-Raise-bargrip_withnewxunji.mp4 | P33: Machine Lateral Raise / Cable Lateral Raise (with handle) / Machine Shoulder Abduction | Q33: 侧平举（器械）、器械侧平举、把手侧平举、坐姿器械侧平举 | R33: 哑铃侧平举、绳索侧平举、坐姿哑铃推举
A34: 33 | B34: 33441201 | C34: 器械坐姿下夹胸 | D34: 胸 | E34: 胸大肌、三角肌前束 | F34: 上胸 | G34: 器械 | H34: 固定器械、夹胸训练器、胸部训练器械、健身房固定器械 | I34: weight | J34: gif | K34: 0033_器械坐姿下夹胸_33441201.gif | L34: 训记_动作图片_GIF_按身体部位分类/images/胸/0033_器械坐姿下夹胸_33441201.gif | M34: 33441201-Lever-Crossovers_withnewxunji.mp4 | P34: Seated Machine Lower Chest Fly / Machine Decline Chest Fly / Lower Pec Fly | Q34: 坐姿下夹胸、器械下夹胸、下夹胸训练、坐姿器械夹胸 | R34: 器械坐姿夹胸、绳索下拉夹胸、仰卧下斜哑铃飞鸟
A35: 34 | B35: 35491201 | C35: 悍马机臀冲 | D35: 臀部 | E35: 臀中肌、臀大肌 | F35: 腘绳肌 | G35: 悍马机 | H35: 悍马器械、悍马机（Hammer Machine）、臀冲训练器 | I35: weight | J35: gif | K35: 0034_悍马机臀冲_35491201.gif | L35: 训记_动作图片_GIF_按身体部位分类/images/臀部/0034_悍马机臀冲_35491201.gif | M35: 35491201-Lever-Hip-Thrust-(plate-loaded)-(female)_Hips__withnewxunji.mp4 | P35: Hammer Machine Hip Thrust / Machine Hip Thrust | Q35: 锤式臀冲、悍马臀冲、器械臀冲、坐姿臀冲 | R35: 杠铃臀冲、自重臀桥、史密斯机臀冲
A36: 35 | B36: 36541201 | C36: 海豹杠铃划船 | D36: 背 | E36: 背阔肌、三角肌后束 | F36: 前臂 | G36: 杠铃 | H36: 杠铃、平板凳 | I36: weight | J36: gif | K36: 0035_海豹杠铃划船_36541201.gif | L36: 训记_动作图片_GIF_按身体部位分类/images/背/0035_海豹杠铃划船_36541201.gif | M36: 36541201-Barbell-Lying-Row-on-Rack_Back__withnewxunji.mp4 | P36: Seal Barbell Row / Barbell Seal Row | Q36: 杠铃海豹划船、海豹式杠铃划船、俯卧杠铃划船 | R36: 哑铃海豹划船、杠铃俯身划船、T杠划船
A37: 36 | B37: 40901201 | C37: 地雷杆硬拉 | D37: 臀部 | E37: 臀中肌、臀大肌 | F37: 腘绳肌 | G37: 杠铃 | H37: 地雷杆、杠铃、固定支架 | I37: weight | J37: gif | K37: 0036_地雷杆硬拉_40901201.gif | L37: 训记_动作图片_GIF_按身体部位分类/images/臀部/0036_地雷杆硬拉_40901201.gif | M37: 40901201-Landmine-Sumo-Squat-(male)_Hips__withnewxunji.mp4 | P37: Landmine Deadlift / Landmine Barbell Deadlift | Q37: 地雷管硬拉、地雷杠硬拉、Landmine硬拉、地雷式硬拉 | R37: 传统硬拉、罗马尼亚硬拉、相扑硬拉
A38: 37 | B38: 42471201 | C38: 地雷杆罗马尼亚硬拉 | D38: 臀部 | E38: 臀中肌、臀大肌 | F38: 腘绳肌 | G38: 杠铃 | H38: 地雷杆、杠铃、固定支架 | I38: weight | J38: gif | K38: 0037_地雷杆罗马尼亚硬拉_42471201.gif | L38: 训记_动作图片_GIF_按身体部位分类/images/臀部/0037_地雷杆罗马尼亚硬拉_42471201.gif | M38: 42471201-Landmine-Romanian-Deadlift-(VERSION-2)_Hips__withnewxunji.mp4 | P38: Landmine Romanian Deadlift / Landmine RDL | Q38: 地雷杆罗硬、罗马尼亚硬拉（地雷杆）、地雷管罗马尼亚硬拉 | R38: 传统罗马尼亚硬拉、哑铃罗马尼亚硬拉、相扑硬拉
A39: 38 | B39: 43361201 | C39: 坐姿器械二头弯举 | D39: 二头 | E39: 肱二头肌、前臂 | F39: 肱二头肌外侧头 | G39: 器械 | H39: 二头弯举器械、固定器械、健身房二头机 | I39: weight | J39: gif | K39: 0038_坐姿器械二头弯举_43361201.gif | L39: 训记_动作图片_GIF_按身体部位分类/images/二头/0038_坐姿器械二头弯举_43361201.gif | M39: 43361201-Lever-Biceps-Curl_Upper-Arms__withnewxunji.mp4 | P39: Seated Machine Bicep Curl / Machine Bicep Curl | Q39: 器械二头弯举、坐姿二头弯举、二头肌器械弯举、坐姿弯举 | R39: 哑铃坐姿二头弯举、站姿绳索二头弯举、杠铃二头弯举
A40: 39 | B40: 44211201 | C40: 俯身驴踢 | D40: 臀部 | E40: 臀中肌、腘绳肌 | F40: 臀大肌 | G40: 绳索 | H40: 绳索器械、踝部袖扣、龙门架 | I40: weight | J40: gif | K40: 0039_俯身驴踢_44211201.gif | L40: 训记_动作图片_GIF_按身体部位分类/images/臀部/0039_俯身驴踢_44211201.gif | M40: 44211201-Cable-Donkey-Kickback_Hips_withnewxunji.mp4 | P40: Cable Donkey Kick / Donkey Kick (Cable) | Q40: 驴踢、俯身绳索驴踢、绳索驴踢 | R40: 跪姿后踢腿、站姿绳索后踢、臀桥
A41: 40 | B41: 48111201 | C41: 静态侧卧支撑 | D41: 核心稳定 | G41: 其他 | H41: 瑜伽垫 | I41: weight | J41: gif | K41: 0040_静态侧卧支撑_48111201.gif | L41: 训记_动作图片_GIF_按身体部位分类/images/核心稳定/0040_静态侧卧支撑_48111201.gif | M41: 48111201-Side-Plank-_Waist__withnewxunji.mp4 | P41: Side Plank / Static Side Plank / Side Bridge | Q41: 侧平板支撑、侧桥、静态侧支撑、侧身平板支撑 | R41: 平板支撑、动态侧卧支撑、侧卧抬腿
A42: 41 | B42: 49271201 | C42: 平板支撑交替摆腿 | D42: 核心稳定 | G42: 其他 | H42: 瑜伽垫 | I42: weight | J42: gif | K42: 0041_平板支撑交替摆腿_49271201.gif | L42: 训记_动作图片_GIF_按身体部位分类/images/核心稳定/0041_平板支撑交替摆腿_49271201.gif | M42: 49271201-Plank-Feet-Tap_Waist__withnewxunji.mp4 | P42: Plank with Alternating Leg Lift / Alternating Leg Plank | Q42: 交替摆腿平板支撑、平板支撑抬腿、平板支撑交替抬腿 | R42: 标准平板支撑、侧平板支撑、仰卧交替抬腿
A43: 42 | B43: 49511201 | C43: 钟摆深蹲 | D43: 腿 | E43: 股四头肌、腘绳肌 | F43: 臀大肌 | G43: 悍马机 | H43: 悍马器械、钟摆深蹲机、哈克深蹲机（若兼容）、固定轨迹器械 | I43: weight | J43: gif | K43: 0042_钟摆深蹲_49511201.gif | L43: 训记_动作图片_GIF_按身体部位分类/images/腿/0042_钟摆深蹲_49511201.gif | M43: 49511201-Lever-Pendulum-Squat-(plate-loaded)_Thighs__withnewxunji.mp4 | P43: Pendulum Squat / Pendulum Squats | Q43: 钟摆式深蹲、摆荡深蹲、钟摆 squat | R43: 哈克深蹲、腿举、传统深蹲
A44: 43 | B44: 50291201 | C44: 跪姿转体 | D44: 核心稳定 | G44: 其他 | I44: weight | J44: gif | K44: 0043_跪姿转体_50291201.gif | L44: 训记_动作图片_GIF_按身体部位分类/images/核心稳定/0043_跪姿转体_50291201.gif | M44: 50291201-Kneeling-Back-Rotation_Back__withnewxunji.mp4 | P44: Kneeling Torso Twist / Kneeling Rotation | Q44: 跪姿旋转、跪姿躯干转体、跪姿核心转体 | R44: 站姿转体、仰卧转体、平板支撑转体
A45: 44 | B45: 50331201 | C45: 单手绳索臂屈伸 | D45: 三头 | E45: 肱三头肌 | G45: 绳索 | H45: 绳索器械、龙门架、绳索配件 | I45: weight | J45: gif | K45: 0044_单手绳索臂屈伸_50331201.gif | L45: 训记_动作图片_GIF_按身体部位分类/images/三头/0044_单手绳索臂屈伸_50331201.gif | M45: 50331201-Cable-Single-Arm-Triceps-Pushdown-(rope-attachment_withnewxunji.mp4 | P45: One-arm Cable Triceps Pushdown / Single-arm Rope Triceps Extension | Q45: 单臂绳索臂屈伸、绳索单臂臂屈伸、单手绳索三头肌下压 | R45: 双手绳索臂屈伸、杠杆下压、仰卧臂屈伸
A46: 45 | B46: 50581201 | C46: 跪姿头后仰 | D46: 颈部 | G46: 其他 | I46: weight | J46: gif | K46: 0045_跪姿头后仰_50581201.gif | L46: 训记_动作图片_GIF_按身体部位分类/images/颈部/0045_跪姿头后仰_50581201.gif | M46: 50581201_withnewxunji.mp4 | P46: Kneeling Neck Extension / Kneeling Head Tilt Back | Q46: 头后仰跪姿、跪姿颈部后仰、跪式头后仰 | R46: 站姿头后仰、坐姿颈部伸展、俯卧颈部伸展
A47: 46 | B47: 50611201 | C47: 平躺头后仰 | D47: 颈部 | G47: 其他 | I47: weight | J47: gif | K47: 0046_平躺头后仰_50611201.gif | L47: 训记_动作图片_GIF_按身体部位分类/images/颈部/0046_平躺头后仰_50611201.gif | M47: 50611201_withnewxunji.mp4 | P47: Supine Head Extension / Lying Head Retraction | Q47: 头后仰平躺、仰卧头后仰、平躺颈部后仰 | R47: 坐姿头后仰、站姿颈部伸展、仰卧颈部拉伸
A48: 47 | B48: 51621201 | C48: 抱头后仰 | D48: 颈部 | G48: 其他 | I48: weight | J48: gif | K48: 0047_抱头后仰_51621201.gif | L48: 训记_动作图片_GIF_按身体部位分类/images/颈部/0047_抱头后仰_51621201.gif | M48: 51621201_withnewxunji.mp4 | P48: Head-Back Neck Extension / Neck Extension with Hands Behind Head | Q48: 后仰抱头、颈部后仰、抱头颈后伸 | R48: 颈部前屈、颈部侧屈、颈部旋转
A49: 48 | B49: 51821201 | C49: 猎鸟狗 | D49: 核心稳定 | G49: 其他 | I49: weight | J49: gif | K49: 0048_猎鸟狗_51821201.gif | L49: 训记_动作图片_GIF_按身体部位分类/images/核心稳定/0048_猎鸟狗_51821201.gif | M49: 51821201-Bird-Dog-v2_Back__withnewxunji.mp4 | P49: Bird Dog / Bird-Dog Exercise | Q49: 鸟狗式、鸟犬式、猎鸟犬 | R49: 平板支撑、死虫式、四足跪姿伸展
A50: 49 | B50: 53041201 | C50: 六角杠深蹲 | D50: 腿 | E50: 下背部、腘绳肌 | F50: 臀大肌、前臂、股四头肌、背阔肌 | G50: 其他 | H50: 六角杠（Trap Bar / Hex Bar）、杠铃片、训练垫（可选） | I50: weight | J50: gif | K50: 0049_六角杠深蹲_53041201.gif | L50: 训记_动作图片_GIF_按身体部位分类/images/腿/0049_六角杠深蹲_53041201.gif | M50: 53041201-Trap-Bar-Squat_Thighs__withnewxunji.mp4 | P50: Hex Bar Squat / Trap Bar Squat | Q50: 六角杠硬拉深蹲、六角杠杠铃深蹲、六角深蹲、Trap Bar Squat | R50: 传统深蹲、罗马尼亚硬拉、相扑硬拉
A51: 50 | B51: 55271201 | C51: 悍马机半俯身侧平举 | D51: 肩 | E51: 三角肌中束、三角肌前束 | F51: 三角肌后束 | G51: 悍马机 | H51: 悍马器械、悍马机（Hammer Strength器械） | I51: weight | J51: gif | K51: 0050_悍马机半俯身侧平举_55271201.gif | L51: 训记_动作图片_GIF_按身体部位分类/images/肩/0050_悍马机半俯身侧平举_55271201.gif | M51: 55271201-Lever-Seated-Bent-Over-Rear-Delt-Fly_Shoulders__withnewxunji.mp4 | P51: Hammer Strength Half-Bent-Over Lateral Raise / Hammer Machine Lateral Raise | Q51: 半俯身悍马机侧平举、悍马机侧平举、坐姿半俯身侧平举 | R51: 哑铃侧平举、绳索侧平举、坐姿器械推举
A52: 51 | B52: 55401201 | C52: 固定熊爬 | D52: 核心稳定 | G52: 其他 | H52: 无器械、徒手训练 | I52: weight | J52: gif | K52: 0051_固定熊爬_55401201.gif | L52: 训记_动作图片_GIF_按身体部位分类/images/核心稳定/0051_固定熊爬_55401201.gif | M52: 55401201-Bear-Walk_Plyometrics__withnewxunji.mp4 | P52: Bear Crawl Hold / Static Bear Crawl | Q52: 静态熊爬、熊爬式静撑、熊式平板支撑 | R52: 平板支撑、动态熊爬、四足支撑
A53: 52 | B53: 55831201 | C53: 滑轮器卷腹 | D53: 腹部 | E53: 腹直肌、腹斜肌 | G53: 器械 | H53: 固定器械、滑轮器、高位滑轮机、缆绳器械 | I53: weight | J53: gif | K53: 0052_滑轮器卷腹_55831201.gif | L53: 训记_动作图片_GIF_按身体部位分类/images/腹部/0052_滑轮器卷腹_55831201.gif | M53: 55831201-Lever-Ab-Coaster-Crunch-(female)_Waist__withnewxunji.mp4 | P53: Cable Crunch / Machine Crunch | Q53: 卷腹滑轮器、滑轮卷腹、器械卷腹 | R53: 仰卧卷腹、悬垂举腿、坐姿卷腹
A54: 53 | B54: 58431201 | C54: 上斜悍马机飞鸟 | D54: 胸 | E54: 上胸、三角肌前束 | F54: 胸大肌 | G54: 悍马机 | H54: 悍马器械、悍马机、上斜悍马器械、固定轨迹器械 | I54: weight | J54: gif | K54: 0053_上斜悍马机飞鸟_58431201.gif | L54: 训记_动作图片_GIF_按身体部位分类/images/胸/0053_上斜悍马机飞鸟_58431201.gif | M54: 58431201-Lever-Incline-Fly_Chest__withnewxunji.mp4 | P54: Incline Hammer Chest Fly / Incline Machine Fly / Hammer Strength Incline Fly | Q54: 上斜悍马飞鸟、悍马机上斜飞鸟、上斜飞鸟（悍马机）、上斜器械飞鸟 | R54: 上斜哑铃飞鸟、上斜绳索飞鸟、平板悍马机飞鸟
A55: 54 | B55: 62701201 | C55: 抬腿杠铃卧推 | D55: 胸 | E55: 胸大肌、三角肌前束 | F55: 上胸、肱三头肌 | G55: 杠铃 | H55: 杠铃、平板卧推凳 | I55: weight | J55: gif | K55: 0054_抬腿杠铃卧推_62701201.gif | L55: 训记_动作图片_GIF_按身体部位分类/images/胸/0054_抬腿杠铃卧推_62701201.gif | M55: 62701201-Barbell-Larsen-Press-(male)_Chest__withnewxunji.mp4 | P55: Leg Raise Barbell Bench Press / Barbell Leg Raise Bench Press | Q55: 杠铃抬腿卧推、悬腿杠铃卧推、抬腿杠铃 bench press | R55: 标准杠铃卧推、哑铃卧推、上斜杠铃卧推
A56: 55 | B56: 64951201 | C56: 悍马俯身划船 | D56: 背 | E56: 背阔肌、三角肌后束 | F56: 前臂、斜方肌 | G56: 悍马机 | H56: 悍马器械、悍马机（Hammer Strength器械） | I56: weight | J56: gif | K56: 0055_悍马俯身划船_64951201.gif | L56: 训记_动作图片_GIF_按身体部位分类/images/背/0055_悍马俯身划船_64951201.gif | M56: 64951201-Lever-Bent-Over-Low-Row-(male)_Back__withnewxunji.mp4 | P56: Hammer Bent-Over Row / Hammer Machine Row | Q56: 俯身悍马划船、悍马划船、哈默划船、Hammer划船 | R56: 杠铃俯身划船、坐姿划船、哑铃单臂划船
A57: 56 | B57: 65131201 | C57: 支撑式悍马俯身划船 | D57: 背 | E57: 背阔肌、三角肌后束 | F57: 前臂、斜方肌 | G57: 悍马机 | H57: 悍马器械、悍马机（Hammer Strength Machine）、配重器械 | I57: weight | J57: gif | K57: 0056_支撑式悍马俯身划船_65131201.gif | L57: 训记_动作图片_GIF_按身体部位分类/images/背/0056_支撑式悍马俯身划船_65131201.gif | M57: 65131201-__withnewxunji.mp4 | P57: Supported Hammer Bent-Over Row / Hammer Bent-Over Row | Q57: 悍马俯身划船、支撑俯身划船、悍马划船、俯身悍马划船 | R57: 杠铃俯身划船、坐姿绳索划船、T杠划船
A58: 57 | B58: 65151201 | C58: 单手支撑式悍马俯身划船 | D58: 背 | E58: 背阔肌、三角肌后束 | F58: 前臂、斜方肌 | G58: 悍马机 | H58: 悍马器械、悍马机（Hammer Strength Machine）、训练凳（用于支撑） | I58: weight | J58: gif | K58: 0057_单手支撑式悍马俯身划船_65151201.gif | L58: 训记_动作图片_GIF_按身体部位分类/images/背/0057_单手支撑式悍马俯身划船_65151201.gif | M58: 65151201-Lever-Bent-Over-Single-Arm-Neutral-Grip-Row-(with-_withnewxunji.mp4 | P58: Single-Arm Supported Hammer Bent-Over Row / Hammer Single-Arm Row | Q58: 悍马单手划船、单臂支撑悍马划船、俯身单手悍马划船、单手悍马划船 | R58: 单臂哑铃俯身划船、坐姿绳索划船、T杠划船
A59: 58 | B59: 66171201 | C59: 悍马机外展 | D59: 臀部 | E59: 臀中肌、臀大肌 | G59: 悍马机 | H59: 悍马器械、悍马机、固定器械、臀部外展机 | I59: weight | J59: gif | K59: 0058_悍马机外展_66171201.gif | L59: 训记_动作图片_GIF_按身体部位分类/images/臀部/0058_悍马机外展_66171201.gif | M59: 66171201-Lever-Glute-Abductors-Press-(female)_Hips__withnewxunji.mp4 | P59: Hammer Machine Hip Abduction / Hip Abduction on Hammer Machine | Q59: 悍马外展、器械臀部外展、坐姿悍马外展、臀中肌外展 | R59: 站姿绳索外展、侧卧髋外展、弹力带臀外展
A60: 59 | B60: 67331201 | C60: 哈克机早安 | D60: 臀部 | E60: 臀中肌、臀大肌 | F60: 腘绳肌 | G60: 悍马机 | H60: 悍马器械、哈克机 | I60: weight | J60: gif | K60: 0059_哈克机早安_67331201.gif | L60: 训记_动作图片_GIF_按身体部位分类/images/臀部/0059_哈克机早安_67331201.gif | M60: 67331201-Lever-Good-Morning-on-the-Hack-Squat-Machine-(fema_withnewxunji.mp4 | P60: Hack Machine Good Morning / Machine Good Morning | Q60: 哈克早安、器械早安式、哈克机早安式 | R60: 杠铃早安式、罗马尼亚硬拉、臀桥
A61: 60 | B61: 68811201 | C61: 器械大剪刀 | D61: 背 | E61: 背阔肌、三角肌后束 | F61: 前臂 | G61: 器械 | H61: 大剪刀训练器、固定器械 | I61: weight | J61: gif | K61: 0060_器械大剪刀_68811201.gif | L61: 训记_动作图片_GIF_按身体部位分类/images/背/0060_器械大剪刀_68811201.gif | M61: 68811201-Lever-Cross-Lat-Pulldown-(male)_Back__withnewxunji.mp4 | P61: Machine Scissors Row / Scissor Lat Pulldown Machine | Q61: 大剪刀器械、器械剪刀划船、大剪刀划背 | R61: 坐姿绳索划船、高位下拉、反握引体向上
A62: 61 | B62: 86461201 | C62: 悍马机大剪刀 | D62: 背 | E62: 背阔肌、三角肌后束 | F62: 前臂 | G62: 悍马机 | H62: 悍马器械、悍马机（Hammer Strength器械）、配重片 | I62: weight | J62: gif | K62: 0061_悍马机大剪刀_86461201.gif | L62: 训记_动作图片_GIF_按身体部位分类/images/背/0061_悍马机大剪刀_86461201.gif | M62: 86461201-Lever-Seated-Wide-Lat-Pulldown-(male)_Back__withnewxunji.mp4 | P62: Hammer Strength Wide Row / Hammer Machine Big Scissors Row | Q62: 大剪刀划船、悍马大剪刀、坐姿大剪刀划船、器械大剪刀 | R62: 坐姿绳索划船、杠铃俯身划船、T杠划船
A63: 62 | B63: 88471201 | C63: 站姿器械侧平举 | D63: 肩 | E63: 三角肌中束、三角肌前束 | G63: 器械 | H63: 固定器械、器械（固定轨迹肩部训练器） | I63: weight | J63: gif | K63: 0062_站姿器械侧平举_88471201.gif | L63: 训记_动作图片_GIF_按身体部位分类/images/肩/0062_站姿器械侧平举_88471201.gif | M63: 88471201-Lever-Standing-Lateral-Raise-(male)_Shoulders__withnewxunji.mp4 | P63: Standing Machine Lateral Raise / Machine Lateral Raise | Q63: 器械侧平举、站姿侧平举、侧平举（器械）、坐姿器械侧平举（误称） | R63: 哑铃侧平举、绳索侧平举、坐姿器械推举
A64: 63 | B64: 93981201 | C64: 站姿器械下夹 | D64: 胸 | E64: 胸大肌、三角肌前束 | F64: 上胸 | G64: 器械 | H64: 固定器械、器械（飞鸟机或龙门架） | I64: weight | J64: gif | K64: 0063_站姿器械下夹_93981201.gif | L64: 训记_动作图片_GIF_按身体部位分类/images/胸/0063_站姿器械下夹_93981201.gif | M64: 93981201-Lever-Standing-Pec-Fly_Chest__withnewxunji.mp4 | P64: Standing Machine Fly / Machine Pec Fly (Downward) / Cable Chest Fly (Standing) | Q64: 器械下夹、站姿下夹胸、下夹胸训练、器械夹胸下拉 | R64: 坐姿器械夹胸、龙门架绳索夹胸、仰卧哑铃飞鸟
A65: 64 | B65: 96891201 | C65: 轨道划船器划船 | D65: 背 | E65: 背阔肌、三角肌后束 | F65: 前臂、斜方肌 | G65: 悍马机 | H65: 悍马器械、轨道划船器、缆绳划船机、健身房划船器械 | I65: weight | J65: gif | K65: 0064_轨道划船器划船_96891201.gif | L65: 训记_动作图片_GIF_按身体部位分类/images/背/0064_轨道划船器划船_96891201.gif | M65: 96891201-Lever-Linear-Delt-Row_Back__withnewxunji.mp4 | P65: Seated Cable Row / Cable Row / Row Machine Exercise | Q65: 划船器划船、轨道划船、器械划船、坐姿轨道划船 | R65: 哑铃划船、杠铃划船、坐姿绳索划船
A66: 65 | B66: benchpress | C66: 杠铃卧推 | D66: 胸 | E66: 三角肌前束、胸大肌 | F66: 一点前锯肌、三头、胸、上胸 | G66: 杠铃 | H66: 杠铃、平板卧推凳 | I66: weight | J66: gif | K66: 0065_杠铃卧推_benchpress.gif | L66: 训记_动作图片_GIF_按身体部位分类/images/胸/0065_杠铃卧推_benchpress.gif | M66: 00251201-Barbell-Bench-Press_Chest_withnewxunji.mp4 | O66: videodescription/trimmed_detail_desc/benchpress__f8219197b8.mp4 | P66: Barbell Bench Press / Bench Press / BB Bench Press | Q66: 卧推、杠铃平板卧推、标准卧推、胸推 | R66: 哑铃卧推、上斜杠铃卧推、地板卧推
A67: 66 | B67: Pause-Barbell-Bench-Press_Chest | C67: 暂停卧推 | D67: 胸 | E67: 三角肌前束、胸大肌 | F67: 一点前锯肌、三头、胸、上胸 | G67: 杠铃 | H67: 杠铃、平板卧推凳、杠铃架 | I67: weight | J67: gif | K67: 0066_暂停卧推_Pause-Barbell-Bench-Press_Chest.gif | L67: 训记_动作图片_GIF_按身体部位分类/images/胸/0066_暂停卧推_Pause-Barbell-Bench-Press_Chest.gif | M67: Pause-Barbell-Bench-Press_Chest_withnewxunji.mp4 | O67: videodescription/trimmed_detail_desc/pause_barbell_bench_press_chest__4d14783c18.mp4 | P67: Paused Barbell Bench Press / Pause Bench Press / PBBP | Q67: 停顿卧推、停顿杠铃卧推、Pause Bench Press、停2秒卧推 | R67: 普通杠铃卧推、爆发式卧推、地板卧推
A68: 67 | B68: Barbell-Wide-Bench-Press | C68: 宽距杠铃卧推 | D68: 胸 | E68: 三角肌前束、胸大肌 | F68: 一点前锯肌、三头、胸、上胸 | G68: 杠铃 | H68: 杠铃、平板卧推凳 | I68: weight | J68: gif | K68: 0067_宽距杠铃卧推_Barbell-Wide-Bench-Press.gif | L68: 训记_动作图片_GIF_按身体部位分类/images/胸/0067_宽距杠铃卧推_Barbell-Wide-Bench-Press.gif | M68: 01221201-Barbell-Wide-Bench-Press_Chest_withnewxunji.mp4 | O68: videodescription/trimmed_detail_desc/barbell_wide_bench_press__588a96d94c.mp4 | P68: Wide-Grip Barbell Bench Press / Barbell Wide Bench Press | Q68: 宽握杠铃卧推、宽距杠铃平板卧推、宽握距杠铃卧推 | R68: 标准杠铃卧推、哑铃平板卧推、上斜杠铃卧推
A69: 68 | B69: incline-benchpress | C69: 上斜杠铃卧推 | D69: 胸 | E69: 三角肌前束、上胸 | F69: 三头、上胸部、胸、肱三头肌 | G69: 杠铃 | H69: 杠铃、上斜卧推凳 | I69: weight | J69: gif | K69: 0068_上斜杠铃卧推_incline-benchpress.gif | L69: 训记_动作图片_GIF_按身体部位分类/images/胸/0068_上斜杠铃卧推_incline-benchpress.gif | M69: 00471201-Barbell-Incline-Bench-Press_Chest_withnewxunji.mp4 | O69: videodescription/trimmed_detail_desc/incline_benchpress__c1040b0f5e.mp4 | P69: Incline Barbell Bench Press / Incline BB Press | Q69: 上斜卧推、杠铃上斜卧推、上胸杠铃推举、上斜杠铃推胸 | R69: 平板杠铃卧推、上斜哑铃卧推、器械上斜推胸
A70: 69 | B70: decline-bar-benchpress | C70: 下斜杠铃卧推 | D70: 胸 | E70: 胸大肌、三头 | F70: 下胸部、胸、三角肌前束、上胸 | G70: 杠铃 | H70: 杠铃、下斜卧推凳 | I70: weight | J70: gif | K70: 0069_下斜杠铃卧推_decline-bar-benchpress.gif | L70: 训记_动作图片_GIF_按身体部位分类/images/胸/0069_下斜杠铃卧推_decline-bar-benchpress.gif | M70: 00331201-Barbell-Decline-Bench-Press_Chest_withnewxunji.mp4 | O70: videodescription/trimmed_detail_desc/decline_bar_benchpress__2ea41b4b97.mp4 | P70: Decline Barbell Bench Press / Decline Barbell Press / DBBP | Q70: 下斜杠铃卧推、下斜卧推、杠铃下斜卧推、下斜杠铃推胸 | R70: 平板杠铃卧推、上斜杠铃卧推、下斜哑铃卧推
A71: 70 | B71: dumbellpress | C71: 哑铃卧推 | D71: 胸 | E71: 胸大肌、三头 | F71: 胸、三角肌前束、上胸、肱三头肌 | G71: 哑铃 | H71: 哑铃、平板训练凳 | I71: weight | J71: gif | K71: 0070_哑铃卧推_dumbellpress.gif | L71: 训记_动作图片_GIF_按身体部位分类/images/胸/0070_哑铃卧推_dumbellpress.gif | M71: 02891201-Dumbbell-Bench-Press_Chest_withnewxunji.mp4 | O71: videodescription/trimmed_detail_desc/dumbellpress__445c9479d3.mp4 | P71: Dumbbell Bench Press / DB Bench Press | Q71: 哑铃平板卧推、平板哑铃卧推、哑铃胸推 | R71: 杠铃卧推、上斜哑铃卧推、器械推胸
A72: 71 | B72: 36681201-Dumbbell-Lying-on-Floor-Chest-Press_Chest | C72: 平躺哑铃卧推 | D72: 胸 | E72: 胸大肌、三头 | F72: 胸、三角肌前束、上胸、肱三头肌 | G72: 哑铃 | H72: 哑铃、地板 | I72: weight | J72: gif | K72: 0071_平躺哑铃卧推_36681201-Dumbbell-Lying-on-Floor-Chest-Press_Chest.gif | L72: 训记_动作图片_GIF_按身体部位分类/images/胸/0071_平躺哑铃卧推_36681201-Dumbbell-Lying-on-Floor-Chest-Press_Chest.gif | M72: 36681201-Dumbbell-Lying-on-Floor-Chest-Press_Chest_withnewxunji.mp4 | O72: videodescription/trimmed_detail_desc/36681201_dumbbell_lying_on_floor_chest_press_chest__e5a9c15aa3.mp4 | P72: Dumbbell Floor Press / Floor Dumbbell Chest Press | Q72: 地板哑铃卧推、地面哑铃卧推、哑铃平躺推胸、平地哑铃卧推 | R72: 平板哑铃卧推、上斜哑铃卧推、俯卧撑
A73: 72 | B73: upperdumbellpress | C73: 上斜哑铃卧推 | D73: 胸 | E73: 上胸、三头 | F73: 胸、三角肌前束、肱三头肌、胸大肌 | G73: 哑铃 | H73: 哑铃、上斜凳、训练凳 | I73: weight | J73: gif | K73: 0072_上斜哑铃卧推_upperdumbellpress.gif | L73: 训记_动作图片_GIF_按身体部位分类/images/胸/0072_上斜哑铃卧推_upperdumbellpress.gif | M73: 03141201-Dumbbell-Incline-Bench-Press_Chest_withnewxunji.mp4 | O73: videodescription/trimmed_detail_desc/upperdumbellpress__525e6108fd.mp4 | P73: Incline Dumbbell Press / Incline DB Press / Incline Dumbbell Bench Press | Q73: 上斜哑铃推胸、上斜哑铃卧举、上斜哑铃推举、斜板哑铃卧推、上斜哑铃练上胸 | R73: 平板哑铃卧推、上斜杠铃卧推、哑铃飞鸟
A74: 73 | B74: decline_dumble_press | C74: 下斜哑铃卧推 | D74: 胸 | E74: 胸大肌、三头 | F74: 胸、胸下沿、三角肌前束、上胸 | G74: 哑铃 | H74: 哑铃、下斜训练凳 | I74: weight | J74: gif | K74: 0073_下斜哑铃卧推_decline_dumble_press.gif | L74: 训记_动作图片_GIF_按身体部位分类/images/胸/0073_下斜哑铃卧推_decline_dumble_press.gif | M74: 03011201-Dumbbell-Decline-Bench-Press_Chest_withnewxunji.mp4 | O74: videodescription/trimmed_detail_desc/decline_dumble_press__2644c71808.mp4 | P74: Decline Dumbbell Press / Decline DB Press | Q74: 下斜哑铃推胸、下斜哑铃卧推举、下斜哑铃平板推胸、下斜哑铃推举 | R74: 平板哑铃卧推、上斜哑铃卧推、下斜杠铃卧推
A75: 74 | B75: 17311201-Dumbbell-Close-Grip-Press_Upper-Arms | C75: 窄距哑铃卧推 | D75: 胸 | E75: 上胸、胸大肌 | F75: 三头、胸、三角肌前束、肱三头肌 | G75: 哑铃 | H75: 哑铃、平板训练凳 | I75: weight | J75: gif | K75: 0074_窄距哑铃卧推_17311201-Dumbbell-Close-Grip-Press_Upper-Arms.gif | L75: 训记_动作图片_GIF_按身体部位分类/images/胸/0074_窄距哑铃卧推_17311201-Dumbbell-Close-Grip-Press_Upper-Arms.gif | M75: 17311201-Dumbbell-Close-Grip-Press_Upper-Arms_withnewxunji.mp4 | O75: videodescription/trimmed_detail_desc/17311201_dumbbell_close_grip_press_upper_arms__c6bd631004.mp4 | P75: Dumbbell Close-Grip Press / Close-Grip Dumbbell Bench Press | Q75: 哑铃窄距卧推、窄距哑铃平板卧推、哑铃窄握卧推 | R75: 杠铃窄距卧推、哑铃标准卧推、上斜哑铃卧推
A76: 75 | B76: machinepress | C76: 器械推胸 | D76: 胸 | E76: 胸大肌、三头 | F76: 胸、三角肌前束、上胸、肱三头肌 | G76: 器械 | H76: 固定器械、固定器械（推胸机） | I76: weight | J76: gif | K76: 0075_器械推胸_machinepress.gif | L76: 训记_动作图片_GIF_按身体部位分类/images/胸/0075_器械推胸_machinepress.gif | M76: 05771201-Lever-Chest-Press_Chest_withnewxunji.mp4 | P76: Machine Chest Press / Chest Press Machine | Q76: 推胸器械、器械胸部推举、坐姿器械推胸、固定器械推胸 | R76: 悍马机卧推、史密斯机卧推、坐姿推胸
A77: 76 | B77: hammermachine_press | C77: 悍马机推胸 | D77: 胸 | E77: 胸大肌、三头 | F77: 胸、三角肌前束、上胸、肱三头肌 | G77: 悍马机 | H77: 悍马器械、悍马机、固定轨迹推胸器械、Hammer Strength器械 | I77: weight | J77: gif | K77: 0076_悍马机推胸_hammermachine_press.gif | L77: 训记_动作图片_GIF_按身体部位分类/images/胸/0076_悍马机推胸_hammermachine_press.gif | M77: 05761201-Lever-Chest-Press-(plate-loaded)_Chest_withnewxunji.mp4 | O77: videodescription/trimmed_detail_desc/hammermachine_press__d8f509ee2f.mp4 | P77: Hammer Machine Chest Press / Hammer Strength Chest Press / Hammer Press | Q77: 悍马推胸、哈默机推胸、器械推胸（悍马机）、坐姿悍马推胸 | R77: 器械推胸、坐姿推胸、史密斯机卧推
A78: 77 | B78: smithpress | C78: 史密斯机卧推 | D78: 胸 | E78: 胸大肌、三头 | F78: 胸、三角肌前束、上胸、肱三头肌 | G78: 史密斯机 | H78: 史密斯机 | I78: weight | J78: gif | K78: 0077_史密斯机卧推_smithpress.gif | L78: 训记_动作图片_GIF_按身体部位分类/images/胸/0077_史密斯机卧推_smithpress.gif | M78: 07481201-Smith-Bench-Press_Chest_withnewxunji.mp4 | O78: videodescription/trimmed_detail_desc/smithpress__144899946d.mp4 | P78: Smith Machine Bench Press / Smith Press | Q78: 史密斯卧推、史密斯机平板卧推、史密斯胸推 | R78: 杠铃卧推、哑铃卧推、器械推胸
A79: 78 | B79: 07531201-Smith-Decline-Bench-Press_Chest_small | C79: 下斜史密斯机卧推 | D79: 胸 | E79: 胸大肌、三头 | F79: 三角前束、胸、三角肌前束、上胸 | G79: 史密斯机 | H79: 史密斯机、下斜凳 | I79: weight | J79: gif | K79: 0078_下斜史密斯机卧推_07531201-Smith-Decline-Bench-Press_Chest_small.gif | L79: 训记_动作图片_GIF_按身体部位分类/images/胸/0078_下斜史密斯机卧推_07531201-Smith-Decline-Bench-Press_Chest_small.gif | M79: 07531201-Smith-Decline-Bench-Press_Chest_withnewxunji.mp4 | P79: Smith Machine Decline Bench Press / Decline Smith Press | Q79: 史密斯下斜卧推、下斜史密斯卧推、史密斯机下斜推胸 | R79: 平板史密斯机卧推、上斜史密斯机卧推、下斜哑铃卧推
A80: 79 | B80: 07571201-Smith-Incline-Bench-Press_Chest_small | C80: 上斜史密斯机卧推 | D80: 胸 | E80: 上胸、三头 | F80: 三角前束、胸、三角肌前束、肱三头肌 | G80: 史密斯机 | H80: 史密斯机、上斜凳 | I80: weight | J80: gif | K80: 0079_上斜史密斯机卧推_07571201-Smith-Incline-Bench-Press_Chest_small.gif | L80: 训记_动作图片_GIF_按身体部位分类/images/胸/0079_上斜史密斯机卧推_07571201-Smith-Incline-Bench-Press_Chest_small.gif | M80: 07571201-Smith-Incline-Bench-Press_Chest_withnewxunji.mp4 | O80: videodescription/trimmed_detail_desc/07571201_smith_incline_bench_press_chest_small__00bd989e54.mp4 | P80: Smith Machine Incline Bench Press / Incline Smith Press | Q80: 史密斯上斜卧推、上斜史密斯卧推、史密斯机上斜推胸 | R80: 上斜杠铃卧推、史密斯机平板卧推、哑铃上斜卧推
A81: 80 | B81: 29191201-Smith-Hex-Press_Chest_small | C81: 史密斯 V-bar 卧推 | D81: 胸 | E81: 上胸、胸大肌 | F81: 三头、三角前束、胸、三角肌前束 | G81: 史密斯机 | H81: 史密斯机、V-bar（V型杠） | I81: weight | J81: gif | K81: 0080_史密斯_V-bar_卧推_29191201-Smith-Hex-Press_Chest_small.gif | L81: 训记_动作图片_GIF_按身体部位分类/images/胸/0080_史密斯_V-bar_卧推_29191201-Smith-Hex-Press_Chest_small.gif | M81: 29191201-Smith-Hex-Press_Chest_withnewxunji.mp4 | O81: videodescription/trimmed_detail_desc/29191201_smith_hex_press_chest_small__7005dbba89.mp4 | P81: Smith Machine V-bar Press / Smith V-bar Bench Press / V-bar Smith Press | Q81: V-bar 史密斯卧推、史密斯V杠卧推、V杠史密斯卧推、史密斯器械V杆卧推 | R81: 史密斯平板卧推、哑铃夹胸、绳索夹胸
A82: 81 | B82: fly | C82: 哑铃飞鸟 | D82: 胸 | E82: 胸大肌、胸 | F82: 三角肌前束、上胸 | G82: 哑铃 | H82: 哑铃 | I82: weight | J82: gif | K82: 0081_哑铃飞鸟_fly.gif | L82: 训记_动作图片_GIF_按身体部位分类/images/胸/0081_哑铃飞鸟_fly.gif | M82: 03081201-Dumbbell-Fly_Chest_withnewxunji.mp4 | O82: videodescription/trimmed_detail_desc/fly__6dc25fa91b.mp4 | P82: Dumbbell Fly / DB Fly | Q82: 飞鸟、哑铃飞鸟动作、胸肌飞鸟、上胸飞鸟 | R82: 平板哑铃卧推、上斜哑铃飞鸟、绳索夹胸
A83: 82 | B83: 41491201-Dumbbell-Floor-Fly_Chest.gif | C83: 平躺哑铃飞鸟 | D83: 胸 | E83: 胸大肌、胸 | F83: 三角肌前束、上胸 | G83: 哑铃 | H83: 哑铃、地板/地面 | I83: weight | J83: gif | K83: 0082_平躺哑铃飞鸟_41491201-Dumbbell-Floor-Fly_Chest.gif.gif | L83: 训记_动作图片_GIF_按身体部位分类/images/胸/0082_平躺哑铃飞鸟_41491201-Dumbbell-Floor-Fly_Chest.gif.gif | M83: 41491201-Dumbbell-Floor-Fly_Chest_withnewxunji.mp4 | O83: videodescription/trimmed_detail_desc/41491201_dumbbell_floor_fly_chest_gif__dfc3f33f43.mp4 | P83: Dumbbell Floor Fly / Floor Dumbbell Fly / DB Floor Fly | Q83: 哑铃平躺飞鸟、地面哑铃飞鸟、地板哑铃飞鸟、平地哑铃飞鸟 | R83: 平板哑铃飞鸟、上斜哑铃飞鸟、哑铃卧推
A84: 83 | B84: machinefly | C84: 把手式蝴蝶机飞鸟 | D84: 胸 | E84: 胸大肌、胸 | F84: 三角肌前束、上胸 | G84: 器械 | H84: 固定器械、蝴蝶机、把手式器械、固定轨迹器械 | I84: weight | J84: gif | K84: 0083_把手式蝴蝶机飞鸟_machinefly.gif | L84: 训记_动作图片_GIF_按身体部位分类/images/胸/0083_把手式蝴蝶机飞鸟_machinefly.gif | M84: 05961201-Lever-Seated-Fly_Chest_withnewxunji.mp4 | O84: videodescription/trimmed_detail_desc/machinefly__5a8c1f670c.mp4 | P84: Machine Chest Fly / Pec Deck Fly / Chest Fly Machine | Q84: 蝴蝶机飞鸟、器械飞鸟、坐姿蝴蝶机夹胸、机器飞鸟 | R84: 哑铃飞鸟、绳索夹胸、俯卧撑
A85: 84 | B85: 10301301-Lever-Pec-Deck-Fly_Chest_180.gif | C85: 蝴蝶机飞鸟 | D85: 胸 | E85: 胸大肌、胸 | F85: 三角肌前束、上胸 | G85: 器械 | H85: 固定器械、蝴蝶机、器械、健身房固定器械 | I85: weight | J85: gif | K85: 0084_蝴蝶机飞鸟_10301301-Lever-Pec-Deck-Fly_Chest_180.gif.gif | L85: 训记_动作图片_GIF_按身体部位分类/images/胸/0084_蝴蝶机飞鸟_10301301-Lever-Pec-Deck-Fly_Chest_180.gif.gif | M85: 10301201-Lever-Pec-Deck-Fly_Chest_withnewxunji.mp4 | P85: Pec Deck Fly / Machine Chest Fly / Lever Pec Fly | Q85: 器械飞鸟、坐姿蝴蝶夹胸、蝴蝶夹胸、飞鸟夹胸 | R85: 哑铃飞鸟、绳索夹胸、仰卧飞鸟
A86: 85 | B86: cablefly | C86: 绳索十字夹胸 | D86: 胸 | E86: 胸大肌、胸 | F86: 三角肌前束、上胸 | G86: 绳索 | H86: 绳索器械、龙门架、绳索把手、缆绳器械 | I86: weight | J86: gif | K86: 0085_绳索十字夹胸_cablefly.gif | L86: 训记_动作图片_GIF_按身体部位分类/images/胸/0085_绳索十字夹胸_cablefly.gif | M86: 02271201-Cable-Standing-Fly_Chest_withnewxunji.mp4 | O86: videodescription/trimmed_detail_desc/cablefly__87a89f2b48.mp4 | P86: Cable Crossover / Cable Fly / Cable Chest Fly | Q86: 绳索夹胸、十字夹胸、缆绳夹胸、绳索飞鸟、缆绳飞鸟 | R86: 哑铃飞鸟、上斜哑铃飞鸟、蝴蝶机夹胸
A87: 86 | B87: front_cablefly | C87: 绳索夹胸 | D87: 胸 | E87: 胸大肌、胸 | F87: 三角肌前束、上胸 | G87: 绳索 | H87: 绳索器械、龙门架、绳索把手、缆绳机 | I87: weight | J87: gif | K87: 0086_绳索夹胸_front_cablefly.gif | L87: 训记_动作图片_GIF_按身体部位分类/images/胸/0086_绳索夹胸_front_cablefly.gif | M87: 01881201-Cable-Middle-Fly_Chest_withnewxunji.mp4 | O87: videodescription/trimmed_detail_desc/front_cablefly__cefa721c1e.mp4 | P87: Cable Chest Fly / Front Cable Fly / Cable Crossover | Q87: 绳索飞鸟、站姿绳索夹胸、缆绳夹胸、绳索胸前交叉 | R87: 哑铃飞鸟、器械夹胸、俯卧撑
A88: 87 | B88: bench_pullover | C88: 仰卧屈臂上抬 | D88: 胸 | E88: 上胸、一点三头 | F88: 前锯肌、背阔肌、胸、三角肌前束 | G88: 哑铃 | H88: 哑铃、平板卧推凳 | I88: weight | J88: gif | K88: 0087_仰卧屈臂上抬_bench_pullover.gif | L88: 训记_动作图片_GIF_按身体部位分类/images/胸/0087_仰卧屈臂上抬_bench_pullover.gif | M88: 03751201-Dumbbell-Pullover_Chest_withnewxunji.mp4 | O88: videodescription/trimmed_detail_desc/bench_pullover__acb1661d56.mp4 | P88: Dumbbell Pullover / Bench Pullover | Q88: 屈臂上拉、仰卧哑铃上拉、哑铃仰卧屈臂上抬、上胸屈臂上抬 | R88: 上斜哑铃卧推、哑铃飞鸟、绳索下压（侧重上胸激活时）
A89: 88 | B89: bardips | C89: 双杠臂屈伸 | D89: 胸 | E89: 胸大肌、一点背阔 | F89: 三头、三角前束、下胸、胸 | G89: 自重 | H89: 自重、双杠、平行杠、自重训练器械 | I89: plus_weight | J89: gif | K89: 0088_双杠臂屈伸_bardips.gif | L89: 训记_动作图片_GIF_按身体部位分类/images/胸/0088_双杠臂屈伸_bardips.gif | M89: 02511201-Chest-Dip_Chest_withnewxunji.mp4 | O89: videodescription/trimmed_detail_desc/bardips__73a3b970f1.mp4 | P89: Dips / Chest Dips / Parallel Bar Dips | Q89: 双杠臂屈伸、双杠屈臂撑、双杠俯身撑、双杠 dips、臂屈伸 | R89: 窄距俯卧撑、仰卧臂屈伸（法式推举）、器械夹胸
A90: 89 | B90: bardips_weighted | C90: 双杠臂屈伸（负重） | D90: 胸 | E90: 胸大肌、一点背阔 | F90: 三头、三角前束、下胸、胸 | G90: 自重 | H90: 自重、双杠、负重腰带、哑铃、杠铃片、负重背心 | I90: plus_weight | J90: gif | K90: 0089_双杠臂屈伸（负重）_bardips_weighted.gif | L90: 训记_动作图片_GIF_按身体部位分类/images/胸/0089_双杠臂屈伸（负重）_bardips_weighted.gif | M90: 02511201-Chest-Dip_Chest_withnewxunji.mp4 | O90: videodescription/trimmed_detail_desc/bardips_weighted__b77af107ab.mp4 | P90: Weighted Dips / Weighted Chest Dips | Q90: 负重双杠臂屈伸、双杠负重臂屈伸、负重双杠 dips、加权双杠臂屈伸 | R90: 双杠臂屈伸（自重）、绳索下压、上斜哑铃卧推
A91: 90 | B91: pushup-xunji | C91: 俯卧撑 | D91: 胸 | E91: 胸大肌、三头 | F91: 三角前束、胸、三角肌前束、上胸 | G91: 自重 | H91: 自重、徒手、无器械、自重训练 | I91: plus_weight | J91: gif | K91: 0090_俯卧撑_pushup-xunji.gif | L91: 训记_动作图片_GIF_按身体部位分类/images/胸/0090_俯卧撑_pushup-xunji.gif | M91: 06621201-Push-up-m_Chest.mp4 | O91: videodescription/trimmed_detail_desc/pushup_xunji__1a512864fd.mp4 | P91: Push-up / Pushup | Q91: 标准俯卧撑、普通俯卧撑、经典俯卧撑、伏地挺身 | R91: 跪姿俯卧撑、上斜俯卧撑、下斜俯卧撑
A92: 91 | B92: pushup-to-steps | C92: 上台阶俯卧撑 | D92: 胸 | E92: 胸大肌、三头 | F92: 三角前束、胸、三角肌前束、上胸 | G92: 自重 | H92: 自重、杠铃片、台阶、自重训练 | I92: plus_weight | J92: jpg | K92: 0091_上台阶俯卧撑_pushup-to-steps.jpg | L92: 训记_动作图片_GIF_按身体部位分类/images/胸/0091_上台阶俯卧撑_pushup-to-steps.jpg | P92: Push-up to Steps / Step Push-up / Elevated Push-up | Q92: 台阶俯卧撑、上阶俯卧撑、俯卧撑上台阶、垫高俯卧撑 | R92: 标准俯卧撑、上斜俯卧撑、下斜俯卧撑
A93: 92 | B93: knee-push-up-fz | C93: 跪姿俯卧撑 | D93: 胸 | E93: 胸大肌、三头 | F93: 三角前束、胸、三角肌前束、上胸 | G93: 自重 | H93: 自重、无器械、徒手训练、瑜伽垫（可选） | I93: plus_weight | J93: gif | K93: 0092_跪姿俯卧撑_knee-push-up-fz.gif | L93: 训记_动作图片_GIF_按身体部位分类/images/胸/0092_跪姿俯卧撑_knee-push-up-fz.gif | P93: Knee Push-Up / Modified Push-Up / Beginner Push-Up | Q93: 跪式俯卧撑、跪地俯卧撑、膝盖俯卧撑、女生俯卧撑、简易俯卧撑 | R93: 标准俯卧撑、上斜俯卧撑、下斜俯卧撑
A94: 93 | B94: weighted-push-up-fz | C94: 俯卧撑（负重） | D94: 胸 | E94: 胸大肌、三头 | F94: 三角前束、胸、三角肌前束、上胸 | G94: 自重 | H94: 自重、书包、重物、负重背心（可选替代） | I94: plus_weight | J94: gif | K94: 0093_俯卧撑（负重）_weighted-push-up-fz.gif | L94: 训记_动作图片_GIF_按身体部位分类/images/胸/0093_俯卧撑（负重）_weighted-push-up-fz.gif | P94: Weighted Push-up / Weighted Pushup | Q94: 负重俯卧撑、加重俯卧撑、背包俯卧撑、负重掌上压 | R94: 标准俯卧撑、上斜俯卧撑、窄距俯卧撑
A95: 94 | B95: reverse-grip-push-up-fz | C95: 反手俯卧撑 | D95: 胸 | E95: 三头、三角前束 | F95: 胸 | G95: 自重 | H95: 自重、桌子、台子、稳固平面边缘 | I95: plus_weight | J95: gif | K95: 0094_反手俯卧撑_reverse-grip-push-up-fz.gif | L95: 训记_动作图片_GIF_按身体部位分类/images/胸/0094_反手俯卧撑_reverse-grip-push-up-fz.gif | O95: videodescription/trimmed_detail_desc/reverse_grip_push_up_fz__5d70fcaa94.mp4 | P95: Reverse Grip Push-up / Reverse Hand Push-up | Q95: 反握俯卧撑、反向俯卧撑、上胸俯卧撑 | R95: 上斜俯卧撑、钻石俯卧撑、标准俯卧撑
A96: 95 | B96: reverse-weighted-grip-push-up-fz | C96: 反手俯卧撑（负重） | D96: 胸 | E96: 三头、三角前束 | F96: 胸 | G96: 自重 | H96: 自重、书包、重物、桌子或台子 | I96: plus_weight | J96: gif | K96: 0095_反手俯卧撑（负重）_reverse-weighted-grip-push-up-fz.gif | L96: 训记_动作图片_GIF_按身体部位分类/images/胸/0095_反手俯卧撑（负重）_reverse-weighted-grip-push-up-fz.gif | P96: Reverse Grip Weighted Push-Up / Weighted Reverse Hand Push-Up | Q96: 负重反手俯卧撑、反握负重俯卧撑、上胸反手俯卧撑（负重） | R96: 反手俯卧撑、负重俯卧撑、上斜俯卧撑
A97: 96 | B97: dip-grip-push-up-fz | C97: 臂屈伸式俯卧撑 | D97: 胸 | E97: 三头、三角前束 | F97: 胸 | G97: 自重 | H97: 自重、书籍、垫高物、自重训练 | I97: plus_weight | J97: gif | K97: 0096_臂屈伸式俯卧撑_dip-grip-push-up-fz.gif | L97: 训记_动作图片_GIF_按身体部位分类/images/胸/0096_臂屈伸式俯卧撑_dip-grip-push-up-fz.gif | M97: 00001_dips_push_up_small_withicon.mp4 | P97: Dip-Grip Push-Up / Dip-Style Push-Up / Chest-Dip Push-Up | Q97: 臂屈伸俯卧撑、俯卧撑臂屈伸式、下斜俯卧撑（误称，需注意）、双杠臂屈伸替代俯卧撑 | R97: 双杠臂屈伸、下斜俯卧撑、窄距俯卧撑
A98: 97 | B98: dip-harder-grip-push-up-fz | C98: 臂屈伸式俯卧撑（负重） | D98: 胸 | E98: 三头、三角前束 | F98: 胸 | G98: 自重 | H98: 自重、书包、重物（如书本、哑铃片等） | I98: plus_weight | J98: gif | K98: 0097_臂屈伸式俯卧撑（负重）_dip-harder-grip-push-up-fz.gif | L98: 训记_动作图片_GIF_按身体部位分类/images/胸/0097_臂屈伸式俯卧撑（负重）_dip-harder-grip-push-up-fz.gif | M98: 00001_dips_push_up_small_withicon.mp4 | P98: Weighted Dip-Style Push-Up / Weighted Bench Dip Push-Up | Q98: 负重臂屈伸俯卧撑、负重双杠臂屈伸式俯卧撑、书包负重臂屈伸俯卧撑 | R98: 双杠臂屈伸、下斜俯卧撑、窄距俯卧撑
A99: 98 | B99: floor-knee-fly-fz | C99: 地板飞鸟 | D99: 胸 | E99: 三头、三角前束 | F99: 胸 | G99: 自重 | H99: 自重、毛巾、光滑地面 | I99: plus_weight | J99: gif | K99: 0098_地板飞鸟_floor-knee-fly-fz.gif | L99: 训记_动作图片_GIF_按身体部位分类/images/胸/0098_地板飞鸟_floor-knee-fly-fz.gif | O99: videodescription/trimmed_detail_desc/floor_knee_fly_fz__f639dd2da9.mp4 | P99: Floor Fly / Kneeling Floor Fly / Towel Floor Fly | Q99: 跪姿地板飞鸟、毛巾地板飞鸟、自重地板飞鸟 | R99: 俯卧撑、跪姿俯卧撑、哑铃飞鸟
A100: 99 | B100: floor-fly-fz | C100: 地板飞鸟（中难度） | D100: 胸 | E100: 三头、三角前束 | F100: 胸 | G100: 自重 | H100: 自重、毛巾、光滑地面 | I100: plus_weight | J100: gif | K100: 0099_地板飞鸟（中难度）_floor-fly-fz.gif | L100: 训记_动作图片_GIF_按身体部位分类/images/胸/0099_地板飞鸟（中难度）_floor-fly-fz.gif | P100: Floor Fly (Intermediate) / Floor Fly Mid-Difficulty | Q100: 地板飞鸟、中等难度地板飞鸟、毛巾地板飞鸟、自重地板飞鸟 | R100: 标准俯卧撑、宽距俯卧撑、钻石俯卧撑
...

Sheet 原始资源
A1: 序号 | B1: 动作Key/ID | C1: 动作名称 | D1: 身体部位分类 | E1: 主要肌群 | F1: 次要肌群 | G1: 全部目标肌群 | H1: 器械分类 | I1: 器械 | J1: 训练类型 | K1: 英文名 | L1: 别名 | M1: 相关动作 | N1: 本地媒体文件 | O1: 图片相对路径 | P1: 媒体类型 | Q1: APK资源原名 | R1: APK资源目录 | S1: APK物理路径 | T1: 媒体尺寸 | U1: 媒体Hash | V1: 原始mp4字段 | W1: 主视频URL | X1: 动作讲解视频相对路径 | Y1: 动作讲解视频URL | Z1: 讲解视频封面相对路径 | AA1: 讲解视频封面URL | AB1: detailDesc
A2: 1 | B2: 10431201 | C2: 负重颈弯举 | D2: 颈部 | H2: 其他 | I2: 杠铃、哑铃、颈部训练器、负重带 | J2: weight | K2: Weighted Neck Curl / Weighted Neck Flexion | L2: 颈弯举、负重颈部弯举、颈部负重弯举 | M2: 徒手颈弯举、颈部抗阻屈伸、仰卧颈弯举 | N2: 0001_负重颈弯举_10431201.gif | O2: images/颈部/0001_负重颈弯举_10431201.gif | P2: gif | Q2: 10431201 | R2: /assets/src/assets/neck | S2: res/FH.gif | T2: 288x162 | U2: d02f1d6f533c2005245084f2560c1fea | V2: 10431201_withnewxunji.mp4
A3: 2 | B3: 13001201 | C3: 下斜悍马机推胸 | D3: 胸 | E3: 胸大肌、三角肌前束 | F3: 上胸、肱三头肌 | G3: 胸大肌、三角肌前束、上胸、肱三头肌 | H3: 悍马机 | I3: 悍马器械、悍马机（Hammer Strength器械）、固定轨迹推胸器械 | J3: weight | K3: Decline Hammer Chest Press / Hammer Strength Decline Chest Press | L3: 悍马机下斜推胸、下斜推胸（器械）、器械下斜推胸、哈克机下斜推胸 | M3: 平板悍马机推胸、上斜悍马机推胸、器械坐姿推胸 | N3: 0002_下斜悍马机推胸_13001201.gif | O3: images/胸/0002_下斜悍马机推胸_13001201.gif | P3: gif | Q3: 13001201-Lever-Decline-Chest-Press_Chest_ | R3: /assets/src/assets/chest | S3: res/fr.gif | T3: 288x162 | U3: 9ac109dffb603ec5e06ab6e4d444c9c1 | V3: 13001201-Lever-Decline-Chest-Press_Chest__withnewxunji.mp4 | AB3: 下斜悍马机推胸_xiaoxie_2.mp4
A4: 3 | B4: 13461201 | C4: 跪姿前伸手 | D4: 热身动作 | E4: 背阔肌、背 | F4: 三角肌后束 | G4: 背阔肌、背、三角肌后束 | H4: 自重 | I4: 自重、瑜伽垫 | J4: plus_weight | K4: Kneeling Forward Reach / Kneeling Lat Stretch / Single-Arm Kneeling Reach | L4: 跪姿前伸展、跪姿手臂前伸、跪姿背阔肌拉伸、单臂跪姿前伸 | M4: 猫牛式、站姿背阔肌拉伸、婴儿式 | N4: 0003_跪姿前伸手_13461201.gif | O4: images/热身动作/0003_跪姿前伸手_13461201.gif | P4: gif | Q4: 13461201-Kneeling-Lat-Stretch_Back | R4: /assets/src/assets/back | S4: res/UN.gif | T4: 288x162 | U4: e6c11d1f47cc56ae597d7c4c95124efa | V4: 13461201-Kneeling-Lat-Stretch_Back_withnewxunji.mp4 | AB4: 跪姿前伸手_xiaoxie_2.mp4
A5: 4 | B5: 13471201 | C5: 单手悍马机下拉 | D5: 背 | E5: 背阔肌、三角肌后束 | F5: 前臂、斜方肌 | G5: 背阔肌、三角肌后束、前臂、斜方肌 | H5: 悍马机 | I5: 悍马器械、悍马机（Hammer Strength器械） | J5: weight | K5: Single-Arm Hammer Strength Lat Pulldown / One-Arm Hammer Lat Pulldown | L5: 悍马机单手下拉、单臂悍马下拉、单手哈玛机下拉 | M5: 坐姿绳索高位下拉、单臂哑铃划船、直臂下压 | N5: 0004_单手悍马机下拉_13471201.gif | O5: images/背/0004_单手悍马机下拉_13471201.gif | P5: gif | Q5: 13471201-Lever-One-Arm-Lateral-Wide-Pulldown-(plate-loaded)_Back | R5: /assets/src/assets/back | S5: res/Ap.gif | T5: 288x162 | U5: 925f066ae9089ac0ebed4657d58ac0a2 | V5: 13471201-Lever-One-Arm-Lateral-Wide-Pulldown-(plate-loaded)_Back_withnewxunji.mp4 | AB5: 单手悍马机下拉_xiaoxie_2.mp4
A6: 5 | B6: 13501201 | C6: 器械划船1 | D6: 背 | E6: 背阔肌、三角肌后束 | F6: 前臂 | G6: 背阔肌、三角肌后束、前臂 | H6: 器械 | I6: 固定器械、划船器械、坐姿划船机 | J6: weight | K6: Machine Row / Seated Machine Row | L6: 器械划船、坐姿器械划船、背部器械划船 | M6: 哑铃划船、杠铃划船、高位下拉 | N6: 0005_器械划船1_13501201.gif | O6: images/背/0005_器械划船1_13501201.gif | P6: gif | Q6: 13501201-Lever-Seated-Row_Back | R6: /assets/src/assets/back | S6: res/WP.gif | T6: 288x162 | U6: e2b80c22c92c405113c25431b44603a6 | V6: 13501201-Lever-Seated-Row_Back_withnewxunji.mp4
A7: 6 | B7: 15331201 | C7: 抓举 | D7: 腿 | E7: 股四头肌、腘绳肌 | F7: 臀大肌 | G7: 股四头肌、腘绳肌、臀大肌 | H7: 杠铃 | I7: 杠铃 | J7: weight | K7: Snatch / Barbell Snatch | L7: 杠铃抓举、抓举动作、抓举训练 | M7: 高翻、硬拉、深蹲 | N7: 0006_抓举_15331201.gif | O7: images/腿/0006_抓举_15331201.gif | P7: gif | Q7: 15331201-Barbell-Snatch_Weightlifts_ | R7: /assets/src/assets/leg | S7: res/d1.gif | T7: 288x162 | U7: 8b4c2600e6fae15c05a437a99d273135 | V7: 15331201-Barbell-Snatch_Weightlifts__withnewxunji.mp4
A8: 7 | B8: 15971201 | C8: 史密斯罗马尼亚硬拉 | D8: 臀部 | E8: 臀中肌、腘绳肌 | F8: 臀大肌 | G8: 臀中肌、腘绳肌、臀大肌 | H8: 史密斯机 | I8: 史密斯机、杠铃（固定于史密斯机） | J8: weight | K8: Smith Machine Romanian Deadlift / Smith RDL | L8: 史密斯机罗马尼亚硬拉、罗马尼亚硬拉（史密斯机）、史密斯直腿硬拉 | M8: 传统罗马尼亚硬拉、哑铃罗马尼亚硬拉、史密斯臀桥 | N8: 0007_史密斯罗马尼亚硬拉_15971201.gif | O8: images/臀部/0007_史密斯罗马尼亚硬拉_15971201.gif | P8: gif | Q8: 15971201-Smith-Stiff-Legged-Deadlift_Hips_ | R8: /assets/src/assets/hips | S8: res/Af.gif | T8: 288x162 | U8: 34de25a568353f2a8526c3159634b737 | V8: 15971201-Smith-Stiff-Legged-Deadlift_Hips__withnewxunji.mp4 | AB8: 史密斯罗马尼亚硬拉_gandy_2.mp4
A9: 8 | B9: 18571201 | C9: 坐姿器械卷腹 | D9: 腹部 | E9: 腹直肌、腹斜肌 | G9: 腹直肌、腹斜肌 | H9: 器械 | I9: 固定器械、卷腹器械、腹部训练机 | J9: weight | K9: Seated Machine Crunch / Machine Crunch | L9: 器械卷腹、坐姿卷腹、卷腹器械训练 | M9: 仰卧卷腹、绳索卷腹、悬垂举腿 | N9: 0008_坐姿器械卷腹_18571201.gif | O9: images/腹部/0008_坐姿器械卷腹_18571201.gif | P9: gif | Q9: 18571201-Lever-Total-Abdominal-Crunch_Waist | R9: /assets/src/assets/cores | S9: res/LT.gif | T9: 288x162 | U9: 6e12a9e308e4f311948a06c17a168e71 | V9: 18571201-Lever-Total-Abdominal-Crunch_Waist_withnewxunji.mp4
A10: 9 | B10: 18651201 | C10: 对握引体向上 | D10: 背 | E10: 背阔肌、背 | F10: 三角肌后束、前臂、斜方肌、肱二头肌、肱二头肌外侧头 | G10: 背阔肌、背、三角肌后束、前臂、斜方肌、肱二头肌、肱二头肌外侧头 | H10: 自重 | I10: 自重、单杠、引体向上杆、健身房单杠 | J10: plus_weight | K10: Neutral-Grip Pull-Up / Hammer Grip Pull-Up / Parallel Grip Pull-Up | L10: 反握引体向上、中性握引体向上、掌心相对引体向上 | M10: 正握引体向上、反握引体向上、宽握引体向上 | N10: 0009_对握引体向上_18651201.gif | O10: images/背/0009_对握引体向上_18651201.gif | P10: gif | Q10: 18651201-Hammer-Grip-Pull-up-on-Dip-Cage_Back | R10: /assets/src/assets/back | S10: res/cE.gif | T10: 288x162 | U10: 557605cbc494560655d10555f7bc2ecb | V10: 18651201-Hammer-Grip-Pull-up-on-Dip-Cage_Back_withnewxunji.mp4 | AB10: https://tupian.xunjiapp.cn/xunji_bunny/1763694625142_bunny.mp4
A11: 10 | B11: 18761201 | C11: 悍马机侧平举 | D11: 肩 | E11: 三角肌中束、三角肌前束 | F11: 三角肌后束 | G11: 三角肌中束、三角肌前束、三角肌后束 | H11: 悍马机 | I11: 悍马器械、悍马机、固定器械 | J11: weight | K11: Hammer Machine Lateral Raise / Machine Lateral Raise | L11: 侧平举（悍马机）、悍马侧平举、器械侧平举 | M11: 哑铃侧平举、绳索侧平举、坐姿器械推举 | N11: 0010_悍马机侧平举_18761201.gif | O11: images/肩/0010_悍马机侧平举_18761201.gif | P11: gif | Q11: 18761201-Lever-Lateral-Raise-hammer | R11: /assets/src/assets/shoulder | S11: res/59.gif | T11: 288x162 | U11: be79515f4581e7d3489e8c30c11af624 | V11: 18761201-Lever-Lateral-Raise-hammer_withnewxunji.mp4 | AB11: 悍马机侧平举_xiaoxie_2.mp4
A12: 11 | B12: 21421201 | C12: 滑雪机 | D12: 有氧 | H12: 其他 | I12: 滑雪机 | J12: times | K12: SkiErg / Ski Ergometer / Ski Machine | L12: 滑雪机训练、滑雪机有氧、滑雪机运动、室内滑雪机 | M12: 划船机、椭圆机、登山机 | N12: 0011_滑雪机_21421201.gif | O12: images/有氧/0011_滑雪机_21421201.gif | P12: gif | Q12: 21421201-Ski-Ergometer_Cardio_ | R12: /assets/src/assets/cardio | S12: res/eB.gif | T12: 288x162 | U12: 33f17434ec11c13660178f8f6ac99812 | V12: 21421201-Ski-Ergometer_Cardio__withnewxunji.mp4
A13: 12 | B13: 21461201 | C13: 器械臀冲 | D13: 臀部 | E13: 臀中肌、臀大肌 | F13: 腘绳肌 | G13: 臀中肌、臀大肌、腘绳肌 | H13: 器械 | I13: 固定器械、臀冲训练机、髋部推举器械、带臀垫和脚垫的固定器械 | J13: weight | K13: Machine Hip Thrust / Hip Thrust Machine | L13: 臀冲（器械版）、机器臀冲、坐姿器械臀冲、器械髋部推举 | M13: 杠铃臀冲、自重臀桥、史密斯机臀冲 | N13: 0012_器械臀冲_21461201.gif | O13: images/臀部/0012_器械臀冲_21461201.gif | P13: gif | Q13: 21461201-Lever-Hip-Thrust_Hips | R13: /assets/src/assets/hips | S13: res/xB.gif | T13: 288x162 | U13: 19182fbdc6db0766b3c087ee48638f04 | V13: 21461201-Lever-Hip-Thrust_Hips_withnewxunji.mp4 | AB13: 器械臀冲_xiaoxie_2.mp4
A14: 13 | B14: 21501201 | C14: 弹力带侧躺腿外展 | D14: 臀部 | E14: 臀中肌、臀大肌 | G14: 臀中肌、臀大肌 | H14: TRX&弹力带 | I14: 弹力带、阻力带 | J14: weight | K14: Banded Side-Lying Leg Abduction / Resistance Band Side Leg Lift | L14: 侧躺弹力带腿外展、弹力带侧卧腿外展、侧卧弹力带臀中肌训练 | M14: 侧卧腿上抬、弹力带站姿腿外展、侧卧蚌式开合 | N14: 0013_弹力带侧躺腿外展_21501201.gif | O14: images/臀部/0013_弹力带侧躺腿外展_21501201.gif | P14: gif | Q14: 21501201-Resistance-Band-Clam_Hips_ | R14: /assets/src/assets/hips | S14: res/4A.gif | T14: 288x162 | U14: 424f07c662ce95ccb66eea2b2ae5a920 | V14: 21501201-Resistance-Band-Clam_Hips__withnewxunji.mp4
A15: 14 | B15: 22211201 | C15: 哑铃上凳 | D15: 臀部 | E15: 股四头肌、臀大肌 | F15: 腘绳肌、臀中肌 | G15: 股四头肌、臀大肌、腘绳肌、臀中肌 | H15: 哑铃 | I15: 哑铃、训练凳（或台阶） | J15: weight | K15: Dumbbell Step-Up / DB Step Up | L15: 上凳哑铃、哑铃踏凳、哑铃登阶 | M15: 杠铃上凳、徒手上凳、哑铃弓步 | N15: 0014_哑铃上凳_22211201.gif | O15: images/臀部/0014_哑铃上凳_22211201.gif | P15: gif | Q15: 22211201-Dumbbell-Step-Up-(female)_Thighs_ | R15: /assets/src/assets/hips | S15: res/Mg.gif | T15: 288x162 | U15: 0937552f21e26c5f0f85325348d3e04d | V15: 22211201-Dumbbell-Step-Up-(female)_Thighs__withnewxunji.mp4 | AB15: 哑铃上凳2_tingting_2.mp4
A16: 15 | B16: 22651201 | C16: 器械划船2 | D16: 背 | E16: 背阔肌、三角肌后束 | F16: 前臂 | G16: 背阔肌、三角肌后束、前臂 | H16: 器械 | I16: 固定器械、划船机、坐姿划船器械 | J16: weight | K16: Machine Row / Seated Machine Row | L16: 器械划船、坐姿器械划船、机器划船 | M16: 杠铃划船、哑铃划船、高位下拉 | N16: 0015_器械划船2_22651201.gif | O16: images/背/0015_器械划船2_22651201.gif | P16: gif | Q16: 22651201-Lever-Seated-Row-(version-2)_Back | R16: /assets/src/assets/back | S16: res/-S.gif | T16: 288x162 | U16: 38f230df59e92d09411028cf47cb62eb | V16: 22651201-Lever-Seated-Row-(version-2)_Back_withnewxunji.mp4 | AB16: 器械划船_版本2_xiaoxie_2.mp4
A17: 16 | B17: 22861201 | C17: 器械驴踢 | D17: 臀部 | E17: 臀中肌、腘绳肌 | F17: 臀大肌 | G17: 臀中肌、腘绳肌、臀大肌 | H17: 器械 | I17: 固定器械、器械驴踢机、臀部训练机、固定式驴踢训练器 | J17: weight | K17: Machine Donkey Kick / Cable Donkey Kick (machine version) | L17: 驴踢（器械）、器械臀踢、机器驴踢、坐姿器械驴踢 | M17: 徒手驴踢、弹力带驴踢、跪姿后踢腿 | N17: 0016_器械驴踢_22861201.gif | O17: images/臀部/0016_器械驴踢_22861201.gif | P17: gif | Q17: 22861201-Lever-Hip-Extension-(VERSION-2)_Hips_ | R17: /assets/src/assets/hips | S17: res/ct.gif | T17: 288x162 | U17: 21d94268dc553a2a99df0aae1746c199 | V17: 22861201-Lever-Hip-Extension-(VERSION-2)_Hips__withnewxunji.mp4
A18: 17 | B18: 23131201 | C18: 绳索内收 | D18: 臀部 | E18: 臀中肌、臀大肌 | G18: 臀中肌、臀大肌 | H18: 绳索 | I18: 绳索器械、龙门架、缆绳机 | J18: weight | K18: Cable Hip Adduction / Cable Inner Thigh | L18: 绳索臀内收、缆绳内收、绳索侧抬腿、绳索髋内收 | M18: 站姿绳索外展、侧卧髋内收、器械髋内收 | N18: 0017_绳索内收_23131201.gif | O18: images/臀部/0017_绳索内收_23131201.gif | P18: gif | Q18: 23131201-Cable-Hip-Adduction-(female)_Hips | R18: /assets/src/assets/hips | S18: res/5q.gif | T18: 288x162 | U18: b92947739b6bbafe851b027236988c07 | V18: 23131201-Cable-Hip-Adduction-(female)_Hips_withnewxunji.mp4 | AB18: 绳索内收_gandy_2.mp4
A19: 18 | B19: 24081201 | C19: 上斜负重头后仰 | D19: 颈部 | H19: 其他 | I19: 上斜训练凳、杠铃片、颈后负重带 | J19: weight | K19: Incline Weighted Neck Extension / Weighted Neck Hyperextension on Incline Bench | L19: 上斜负重颈后仰、斜板负重头后仰、上斜颈后伸 | M19: 站姿负重头后仰、俯卧颈后伸、器械颈部伸展 | N19: 0018_上斜负重头后仰_24081201.gif | O19: images/颈部/0018_上斜负重头后仰_24081201.gif | P19: gif | Q19: 24081201 | R19: /assets/src/assets/neck | S19: res/y6.gif | T19: 288x162 | U19: 8e3f62f0a2066fd4aa8dc102b5c43f2e | V19: 24081201_withnewxunji.mp4
A20: 19 | B20: 24091201 | C20: 上斜负重颈弯举 | D20: 颈部 | H20: 其他 | I20: 哑铃、杠铃、上斜训练凳、负重片 | J20: weight | K20: Incline Weighted Neck Curl / Weighted Incline Neck Curl | L20: 上斜颈弯举、负重上斜颈弯举、颈后弯举（上斜） | M20: 站姿颈弯举、俯卧颈弯举、器械颈屈伸 | N20: 0019_上斜负重颈弯举_24091201.gif | O20: images/颈部/0019_上斜负重颈弯举_24091201.gif | P20: gif | Q20: 24091201 | R20: /assets/src/assets/neck | S20: res/Jg.gif | T20: 288x162 | U20: 614e9304c18b96ba20f78c1c270a4383 | V20: 24091201_withnewxunji.mp4
A21: 20 | B21: 24101201 | C21: 站姿负重头后仰 | D21: 颈部 | H21: 其他 | I21: 哑铃、杠铃片、颈后负重带 | J21: weight | K21: Weighted Standing Neck Extension / Standing Weighted Neck Extension | L21: 负重头后仰、站姿头后仰、颈部负重后仰 | M21: 坐姿负重头后仰、徒手头后仰、俯身头后仰 | N21: 0020_站姿负重头后仰_24101201.gif | O21: images/颈部/0020_站姿负重头后仰_24101201.gif | P21: gif | Q21: 24101201 | R21: /assets/src/assets/neck | S21: res/e1.gif | T21: 288x162 | U21: 0ba617de1bf7e986638bc44be55f892f | V21: 24101201_withnewxunji.mp4
A22: 21 | B22: 24111201 | C22: 绳索头后仰 | D22: 颈部 | H22: 其他 | I22: 绳索、高位滑轮、颈带（可选） | J22: weight | K22: Cable Neck Extension / Rope Neck Extension | L22: 头后仰、绳索颈部后仰、颈部后仰 | M22: 徒手头后仰、器械颈部后伸、俯身头后仰 | N22: 0021_绳索头后仰_24111201.gif | O22: images/颈部/0021_绳索头后仰_24111201.gif | P22: gif | Q22: 24111201 | R22: /assets/src/assets/neck | S22: res/GE.gif | T22: 288x162 | U22: 443cb879818025b35a115be082941519 | V22: 24111201_withnewxunji.mp4
A23: 22 | B23: 24121201 | C23: 绳索颈弯举 | D23: 颈部 | H23: 其他 | I23: 绳索（龙门架附件）、龙门架、高位滑轮 | J23: weight | K23: Cable Neck Curl / Rope Neck Curl | L23: 颈弯举、绳索颈部弯举、颈部绳索弯举 | M23: 徒手颈弯举、杠铃颈后弯举、弹力带颈弯举 | N23: 0022_绳索颈弯举_24121201.gif | O23: images/颈部/0022_绳索颈弯举_24121201.gif | P23: gif | Q23: 24121201 | R23: /assets/src/assets/neck | S23: res/hT.gif | T23: 288x162 | U23: 021a22789a307007150e76472349cdea | V23: 24121201_withnewxunji.mp4
A24: 23 | B24: 25011201 | C24: 杠铃上凳 | D24: 臀部 | E24: 股四头肌、臀大肌 | F24: 腘绳肌、臀中肌 | G24: 股四头肌、臀大肌、腘绳肌、臀中肌 | H24: 杠铃 | I24: 杠铃、训练凳 | J24: weight | K24: Barbell Step-Up / Barbell Bench Step-Up | L24: 杠铃登凳、杠铃上台阶、杠铃踏凳 | M24: 哑铃上凳、保加利亚分腿蹲、杠铃弓步蹲 | N24: 0023_杠铃上凳_25011201.gif | O24: images/臀部/0023_杠铃上凳_25011201.gif | P24: gif | Q24: 25011201-Barbell-Step-up-(female)_Hips_ | R24: /assets/src/assets/hips | S24: res/Ov.gif | T24: 288x162 | U24: 61e89f7c67c7f00f70de37a2cbe430ad | V24: 25011201-Barbell-Step-up-(female)_Hips__withnewxunji.mp4 | AB24: 杠铃上凳_xiaoxie_2.mp4
A25: 24 | B25: 26561201 | C25: 背后二头单边弯举 | D25: 二头 | E25: 肱二头肌外侧头、前臂 | F25: 肱二头肌 | G25: 肱二头肌外侧头、前臂、肱二头肌 | H25: 绳索 | I25: 绳索器械、龙门架、绳索把手、缆绳训练器 | J25: weight | K25: Behind-the-back single-arm cable curl / Single-arm rear bicep curl / Cable behind back bicep curl | L25: 单边背后二头弯举、龙门架背后单臂弯举、单手背后绳索弯举、背后单侧二头弯举 | M25: 站姿单臂绳索弯举、集中弯举、锤式弯举 | N25: 0024_背后二头单边弯举_26561201.gif | O25: images/二头/0024_背后二头单边弯举_26561201.gif | P25: gif | Q25: 26561201-Cable-One-Arm-Biceps-Curl-(VERSION-2)_Upper-Arms_ | R25: /assets/src/assets/bicep | S25: res/LP.gif | T25: 288x162 | U25: f9189e43a9269d88f1474caaf6e77950 | V25: 26561201-Cable-One-Arm-Biceps-Curl-(VERSION-2)_Upper-Arms__withnewxunji.mp4 | AB25: 背后二头单边弯举_gandy_2.mp4
A26: 25 | B26: 26591208 | C26: 上斜悍马机推胸 | D26: 胸 | E26: 上胸、三角肌前束 | F26: 肱三头肌、胸大肌 | G26: 上胸、三角肌前束、肱三头肌、胸大肌 | H26: 悍马机 | I26: 悍马器械、悍马机（Hammer Strength Machine）、上斜推胸器械 | J26: weight | K26: Incline Hammer Chest Press / Incline Machine Chest Press | L26: 上斜哈克推胸、上斜器械推胸、上斜推胸、悍马机上斜推胸 | M26: 平板悍马机推胸、上斜哑铃卧推、器械夹胸 | N26: 0025_上斜悍马机推胸_26591208.gif | O26: images/胸/0025_上斜悍马机推胸_26591208.gif | P26: gif | Q26: 26591208-Lever-Incline-Chest-Press | R26: /assets/src/assets/chest | S26: res/eQ.gif | T26: 288x162 | U26: 869def1df37904aa72db943fa61b8af2 | V26: 26591208-Lever-Incline-Chest-Press_withnewxunji.mp4 | AB26: 上斜悍马机推胸_xiaoxie_2.mp4
A27: 26 | B27: 27591201 | C27: 器械侧踢 | D27: 臀部 | E27: 臀中肌、臀大肌 | G27: 臀中肌、臀大肌 | H27: 器械 | I27: 固定器械、侧踢训练器、髋外展器械 | J27: weight | K27: Machine Side Kick / Cable Hip Abduction (Machine) | L27: 侧踢器械训练、器械臀部侧踢、健身房侧踢 | M27: 站姿绳索侧踢、仰卧侧抬腿、器械髋外展 | N27: 0026_器械侧踢_27591201.gif | O27: images/臀部/0026_器械侧踢_27591201.gif | P27: gif | Q27: 27591201-Lever-Side-Hip-Abduction-(female)_Hips_ | R27: /assets/src/assets/hips | S27: res/B9.gif | T27: 288x162 | U27: e733c1ba968e50fa9dffa4900acbe567 | V27: 27591201-Lever-Side-Hip-Abduction-(female)_Hips__withnewxunji.mp4 | AB27: 器械侧踢_xiaoxie_2.mp4
A28: 27 | B28: 27841201 | C28: 扩胸开合 | D28: 热身动作 | E28: 上胸、胸大肌 | F28: 三头、三角前束、胸、三角肌前束 | G28: 上胸、胸大肌、三头、三角前束、胸、三角肌前束、背阔肌 | H28: 自重 | I28: 自重、无需器械、自重训练 | J28: plus_weight | K28: Chest Opener Clap / Arm Circles for Chest / Straight-Arm Chest Opener | L28: 开合扩胸、扩胸运动、手臂开合扩胸、直臂扩胸 | M28: 肩部绕环、俯身扩胸拉伸、站姿胸部拉伸 | N28: 0027_扩胸开合_27841201.gif | O28: images/热身动作/0027_扩胸开合_27841201.gif | P28: gif | Q28: 27841201-Shoulder---Transverse-Flexion | R28: /assets/src/assets/chest | S28: res/EF1.gif | T28: 270x270 | U28: 25bb87967c946119fb2de70e9829c29c | V28: 27841201-Shoulder---Transverse-Flexion_withnewxunji.mp4
A29: 28 | B29: 29501201 | C29: 犀牛腰带机深蹲 | D29: 腿 | E29: 股四头肌、腘绳肌 | F29: 臀大肌 | G29: 股四头肌、腘绳肌、臀大肌 | H29: 器械 | I29: 固定器械、犀牛腰带机、腰带深蹲机、Belt Squat Machine | J29: weight | K29: Belt Squat / Hip Belt Squat Machine | L29: 腰带机深蹲、犀牛深蹲、髋 belt squat、belt squat | M29: 杠铃深蹲、腿举、哈克深蹲 | N29: 0028_犀牛腰带机深蹲_29501201.gif | O29: images/腿/0028_犀牛腰带机深蹲_29501201.gif | P29: gif | Q29: 29501201-Lever-Belt-Squat_Thighs_ | R29: /assets/src/assets/leg | S29: res/u_.gif | T29: 288x162 | U29: 8c5d0366d8c90ac00235e0fddf6131ac | V29: 29501201-Lever-Belt-Squat_Thighs__withnewxunji.mp4 | AB29: 腰带机深蹲_xiaoxie_2.mp4
A30: 29 | B30: 29681201 | C30: 哑铃火箭推 | D30: 腿 | E30: 三角肌前束、股四头肌 | F30: 臀大肌、三角肌中束、上胸、腘绳肌 | G30: 三角肌前束、股四头肌、臀大肌、三角肌中束、上胸、腘绳肌 | H30: 哑铃 | I30: 哑铃 | J30: weight | K30: Dumbbell Thruster / Dumbbell Rocket Push / Thruster with Dumbbells | L30: 火箭推、哑铃火箭推举、哑铃前蹲推举、Dumbbell Thruster | M30: 杠铃火箭推、哑铃前蹲、哑铃肩推 | N30: 0029_哑铃火箭推_29681201.gif | O30: images/腿/0029_哑铃火箭推_29681201.gif | P30: gif | Q30: 29681201-Dumbbell-Thruster_Thighs | R30: /assets/src/assets/leg | S30: res/Iw.gif | T30: 288x162 | U30: f2d2749be49579f9f650bcf193baa5cf | V30: 29681201-Dumbbell-Thruster_Thighs_withnewxunji.mp4 | AB30: 哑铃火箭推2024_gandy_2.mp4
A31: 30 | B31: 29791201 | C31: 平板交替手肘支撑 | D31: 核心稳定 | H31: 其他 | J31: weight | K31: Alternating Elbow Plank / Plank with Alternating Elbow Support | L31: 交替手肘平板支撑、手肘交替平板支撑、平板支撑交替手肘 | M31: 标准平板支撑、侧平板支撑、动态平板支撑 | N31: 0030_平板交替手肘支撑_29791201.gif | O31: images/核心稳定/0030_平板交替手肘支撑_29791201.gif | P31: gif | Q31: 29791201-Elbow | R31: /assets/src/assets/corestable | S31: res/Aj1.gif | T31: 288x162 | U31: 8a20696fc6e2d8616658ef60983c08d8 | V31: 29791201-Elbow_withnewxunji.mp4 | AB31: 平板交替手肘支撑_gandy__tingting_2.mp4
A32: 31 | B32: 33051201 | C32: 杠铃火箭推 | D32: 腿 | E32: 三角肌前束、股四头肌 | F32: 臀大肌、三角肌中束、上胸、腘绳肌 | G32: 三角肌前束、股四头肌、臀大肌、三角肌中束、上胸、腘绳肌 | H32: 杠铃 | I32: 杠铃 | J32: weight | K32: Barbell Thruster / Thruster | L32: 火箭推、杠铃推举深蹲、深蹲推举 | M32: 哑铃火箭推、壶铃火箭推、前蹲推举 | N32: 0031_杠铃火箭推_33051201.gif | O32: images/腿/0031_杠铃火箭推_33051201.gif | P32: gif | Q32: 33051201-Barbell-Thruster_Weightlifting_ | R32: /assets/src/assets/leg | S32: res/lz.gif | T32: 288x162 | U32: 12a989c9d53ede6cb35651531bc8ad5c | V32: 33051201-Barbell-Thruster_Weightlifting__withnewxunji.mp4 | AB32: 杠铃火箭推_xiaoxie_2.mp4
A33: 32 | B33: 33431201 | C33: 器械把手侧平举 | D33: 肩 | E33: 三角肌中束、三角肌前束 | F33: 三角肌后束 | G33: 三角肌中束、三角肌前束、三角肌后束 | H33: 器械 | I33: 固定器械、器械把手、固定式肩部训练机、龙门架（若适用） | J33: weight | K33: Machine Lateral Raise / Cable Lateral Raise (with handle) / Machine Shoulder Abduction | L33: 侧平举（器械）、器械侧平举、把手侧平举、坐姿器械侧平举 | M33: 哑铃侧平举、绳索侧平举、坐姿哑铃推举 | N33: 0032_器械把手侧平举_33431201.gif | O33: images/肩/0032_器械把手侧平举_33431201.gif | P33: gif | Q33: 33431201-Lever-Lateral-Raise-bargrip | R33: /assets/src/assets/shoulder | S33: res/5i.gif | T33: 288x162 | U33: f7b92e84c26f12094c97598364d8acf2 | V33: 33431201-Lever-Lateral-Raise-bargrip_withnewxunji.mp4
A34: 33 | B34: 33441201 | C34: 器械坐姿下夹胸 | D34: 胸 | E34: 胸大肌、三角肌前束 | F34: 上胸 | G34: 胸大肌、三角肌前束、上胸 | H34: 器械 | I34: 固定器械、夹胸训练器、胸部训练器械、健身房固定器械 | J34: weight | K34: Seated Machine Lower Chest Fly / Machine Decline Chest Fly / Lower Pec Fly | L34: 坐姿下夹胸、器械下夹胸、下夹胸训练、坐姿器械夹胸 | M34: 器械坐姿夹胸、绳索下拉夹胸、仰卧下斜哑铃飞鸟 | N34: 0033_器械坐姿下夹胸_33441201.gif | O34: images/胸/0033_器械坐姿下夹胸_33441201.gif | P34: gif | Q34: 33441201-Lever-Crossovers | R34: /assets/src/assets/chest | S34: res/Be.gif | T34: 288x162 | U34: cd0708c4d39e53f94e5082fbe90d971d | V34: 33441201-Lever-Crossovers_withnewxunji.mp4
A35: 34 | B35: 35491201 | C35: 悍马机臀冲 | D35: 臀部 | E35: 臀中肌、臀大肌 | F35: 腘绳肌 | G35: 臀中肌、臀大肌、腘绳肌 | H35: 悍马机 | I35: 悍马器械、悍马机（Hammer Machine）、臀冲训练器 | J35: weight | K35: Hammer Machine Hip Thrust / Machine Hip Thrust | L35: 锤式臀冲、悍马臀冲、器械臀冲、坐姿臀冲 | M35: 杠铃臀冲、自重臀桥、史密斯机臀冲 | N35: 0034_悍马机臀冲_35491201.gif | O35: images/臀部/0034_悍马机臀冲_35491201.gif | P35: gif | Q35: 35491201-Lever-Hip-Thrust-(plate-loaded)-(female)_Hips_ | R35: /assets/src/assets/hips | S35: res/Rz1.gif | T35: 288x162 | U35: 55f369db4cef06ba7e4b78adce6b9d5f | V35: 35491201-Lever-Hip-Thrust-(plate-loaded)-(female)_Hips__withnewxunji.mp4
A36: 35 | B36: 36541201 | C36: 海豹杠铃划船 | D36: 背 | E36: 背阔肌、三角肌后束 | F36: 前臂 | G36: 背阔肌、三角肌后束、前臂 | H36: 杠铃 | I36: 杠铃、平板凳 | J36: weight | K36: Seal Barbell Row / Barbell Seal Row | L36: 杠铃海豹划船、海豹式杠铃划船、俯卧杠铃划船 | M36: 哑铃海豹划船、杠铃俯身划船、T杠划船 | N36: 0035_海豹杠铃划船_36541201.gif | O36: images/背/0035_海豹杠铃划船_36541201.gif | P36: gif | Q36: 36541201-Barbell-Lying-Row-on-Rack_Back_ | R36: /assets/src/assets/back | S36: res/3o2.gif | T36: 288x162 | U36: ec05e1c986696ffeae2a3bbfee452424 | V36: 36541201-Barbell-Lying-Row-on-Rack_Back__withnewxunji.mp4 | AB36: 海豹杠铃划船_xiaoxie_2.mp4
A37: 36 | B37: 40901201 | C37: 地雷杆硬拉 | D37: 臀部 | E37: 臀中肌、臀大肌 | F37: 腘绳肌 | G37: 臀中肌、臀大肌、腘绳肌 | H37: 杠铃 | I37: 地雷杆、杠铃、固定支架 | J37: weight | K37: Landmine Deadlift / Landmine Barbell Deadlift | L37: 地雷管硬拉、地雷杠硬拉、Landmine硬拉、地雷式硬拉 | M37: 传统硬拉、罗马尼亚硬拉、相扑硬拉 | N37: 0036_地雷杆硬拉_40901201.gif | O37: images/臀部/0036_地雷杆硬拉_40901201.gif | P37: gif | Q37: 40901201-Landmine-Sumo-Squat-(male)_Hips_ | R37: /assets/src/assets/hips | S37: res/bJ.gif | T37: 288x162 | U37: 5110eccaafcee43ccda649a67f99ede5 | V37: 40901201-Landmine-Sumo-Squat-(male)_Hips__withnewxunji.mp4 | AB37: 地雷杆硬拉_gandy_2.mp4
A38: 37 | B38: 42471201 | C38: 地雷杆罗马尼亚硬拉 | D38: 臀部 | E38: 臀中肌、臀大肌 | F38: 腘绳肌 | G38: 臀中肌、臀大肌、腘绳肌 | H38: 杠铃 | I38: 地雷杆、杠铃、固定支架 | J38: weight | K38: Landmine Romanian Deadlift / Landmine RDL | L38: 地雷杆罗硬、罗马尼亚硬拉（地雷杆）、地雷管罗马尼亚硬拉 | M38: 传统罗马尼亚硬拉、哑铃罗马尼亚硬拉、相扑硬拉 | N38: 0037_地雷杆罗马尼亚硬拉_42471201.gif | O38: images/臀部/0037_地雷杆罗马尼亚硬拉_42471201.gif | P38: gif | Q38: 42471201-Landmine-Romanian-Deadlift-(VERSION-2)_Hips_ | R38: /assets/src/assets/hips | S38: res/EB.gif | T38: 288x162 | U38: a4800f4ac58336f4beb729c8843d6b1e | V38: 42471201-Landmine-Romanian-Deadlift-(VERSION-2)_Hips__withnewxunji.mp4 | AB38: 地雷杆罗马尼亚硬拉_gandy_2.mp4
A39: 38 | B39: 43361201 | C39: 坐姿器械二头弯举 | D39: 二头 | E39: 肱二头肌、前臂 | F39: 肱二头肌外侧头 | G39: 肱二头肌、前臂、肱二头肌外侧头 | H39: 器械 | I39: 二头弯举器械、固定器械、健身房二头机 | J39: weight | K39: Seated Machine Bicep Curl / Machine Bicep Curl | L39: 器械二头弯举、坐姿二头弯举、二头肌器械弯举、坐姿弯举 | M39: 哑铃坐姿二头弯举、站姿绳索二头弯举、杠铃二头弯举 | N39: 0038_坐姿器械二头弯举_43361201.gif | O39: images/二头/0038_坐姿器械二头弯举_43361201.gif | P39: gif | Q39: 43361201-Lever-Biceps-Curl_Upper-Arms_ | R39: /assets/src/assets/bicep | S39: res/5S.gif | T39: 288x162 | U39: 557d94ba27b671c23154b8ea4978c7a8 | V39: 43361201-Lever-Biceps-Curl_Upper-Arms__withnewxunji.mp4 | AB39: 器械弯举_gandy__tingting_2.mp4
A40: 39 | B40: 44211201 | C40: 俯身驴踢 | D40: 臀部 | E40: 臀中肌、腘绳肌 | F40: 臀大肌 | G40: 臀中肌、腘绳肌、臀大肌 | H40: 绳索 | I40: 绳索器械、踝部袖扣、龙门架 | J40: weight | K40: Cable Donkey Kick / Donkey Kick (Cable) | L40: 驴踢、俯身绳索驴踢、绳索驴踢 | M40: 跪姿后踢腿、站姿绳索后踢、臀桥 | N40: 0039_俯身驴踢_44211201.gif | O40: images/臀部/0039_俯身驴踢_44211201.gif | P40: gif | Q40: 44211201-Cable-Donkey-Kickback_Hips | R40: /assets/src/assets/hips | S40: res/rk1.gif | T40: 288x162 | U40: ac9c8b89bb88a80dc9a34205221ced64 | V40: 44211201-Cable-Donkey-Kickback_Hips_withnewxunji.mp4 | AB40: 俯身驴踢_gandy_2.mp4
A41: 40 | B41: 48111201 | C41: 静态侧卧支撑 | D41: 核心稳定 | H41: 其他 | I41: 瑜伽垫 | J41: weight | K41: Side Plank / Static Side Plank / Side Bridge | L41: 侧平板支撑、侧桥、静态侧支撑、侧身平板支撑 | M41: 平板支撑、动态侧卧支撑、侧卧抬腿 | N41: 0040_静态侧卧支撑_48111201.gif | O41: images/核心稳定/0040_静态侧卧支撑_48111201.gif | P41: gif | Q41: 48111201-Side-Plank-_Waist_ | R41: /assets/src/assets/corestable | S41: res/mw.gif | T41: 288x162 | U41: a6c79e6db0250c26db49360c9b9ee5f7 | V41: 48111201-Side-Plank-_Waist__withnewxunji.mp4 | AB41: 静态侧卧支撑_gandy__tingting_2.mp4
A42: 41 | B42: 49271201 | C42: 平板支撑交替摆腿 | D42: 核心稳定 | H42: 其他 | I42: 瑜伽垫 | J42: weight | K42: Plank with Alternating Leg Lift / Alternating Leg Plank | L42: 交替摆腿平板支撑、平板支撑抬腿、平板支撑交替抬腿 | M42: 标准平板支撑、侧平板支撑、仰卧交替抬腿 | N42: 0041_平板支撑交替摆腿_49271201.gif | O42: images/核心稳定/0041_平板支撑交替摆腿_49271201.gif | P42: gif | Q42: 49271201-Plank-Feet-Tap_Waist_ | R42: /assets/src/assets/corestable | S42: res/HP1.gif | T42: 288x162 | U42: 6edb6fefec353401cbbe6ff891c96e10 | V42: 49271201-Plank-Feet-Tap_Waist__withnewxunji.mp4 | AB42: 平板支撑交替摆腿_gandy__tingting_2.mp4
A43: 42 | B43: 49511201 | C43: 钟摆深蹲 | D43: 腿 | E43: 股四头肌、腘绳肌 | F43: 臀大肌 | G43: 股四头肌、腘绳肌、臀大肌 | H43: 悍马机 | I43: 悍马器械、钟摆深蹲机、哈克深蹲机（若兼容）、固定轨迹器械 | J43: weight | K43: Pendulum Squat / Pendulum Squats | L43: 钟摆式深蹲、摆荡深蹲、钟摆 squat | M43: 哈克深蹲、腿举、传统深蹲 | N43: 0042_钟摆深蹲_49511201.gif | O43: images/腿/0042_钟摆深蹲_49511201.gif | P43: gif | Q43: 49511201-Lever-Pendulum-Squat-(plate-loaded)_Thighs_ | R43: /assets/src/assets/leg | S43: res/RE.gif | T43: 288x162 | U43: 5ff71c8f872f0cbddb54ab51f8991ab0 | V43: 49511201-Lever-Pendulum-Squat-(plate-loaded)_Thighs__withnewxunji.mp4 | AB43: 钟摆深蹲_xiaoxie_2.mp4
A44: 43 | B44: 50291201 | C44: 跪姿转体 | D44: 核心稳定 | H44: 其他 | J44: weight | K44: Kneeling Torso Twist / Kneeling Rotation | L44: 跪姿旋转、跪姿躯干转体、跪姿核心转体 | M44: 站姿转体、仰卧转体、平板支撑转体 | N44: 0043_跪姿转体_50291201.gif | O44: images/核心稳定/0043_跪姿转体_50291201.gif | P44: gif | Q44: 50291201-Kneeling-Back-Rotation_Back_ | R44: /assets/src/assets/corestable | S44: res/Kh.gif | T44: 288x162 | U44: 3863fc2ddf9fa8704ab0657bf72b385f | V44: 50291201-Kneeling-Back-Rotation_Back__withnewxunji.mp4 | AB44: 跪姿转体_gandy__tingting_2.mp4
A45: 44 | B45: 50331201 | C45: 单手绳索臂屈伸 | D45: 三头 | E45: 肱三头肌 | G45: 肱三头肌 | H45: 绳索 | I45: 绳索器械、龙门架、绳索配件 | J45: weight | K45: One-arm Cable Triceps Pushdown / Single-arm Rope Triceps Extension | L45: 单臂绳索臂屈伸、绳索单臂臂屈伸、单手绳索三头肌下压 | M45: 双手绳索臂屈伸、杠杆下压、仰卧臂屈伸 | N45: 0044_单手绳索臂屈伸_50331201.gif | O45: images/三头/0044_单手绳索臂屈伸_50331201.gif | P45: gif | Q45: 50331201-Cable-Single-Arm-Triceps-Pushdown-(rope-attachment | R45: /assets/src/assets/tricep | S45: res/w8.gif | T45: 288x162 | U45: 83cfdb49bc67636c3cc7850fb793b248 | V45: 50331201-Cable-Single-Arm-Triceps-Pushdown-(rope-attachment_withnewxunji.mp4 | AB45: 单手绳索臂屈伸2024_gandy_2.mp4
A46: 45 | B46: 50581201 | C46: 跪姿头后仰 | D46: 颈部 | H46: 其他 | J46: weight | K46: Kneeling Neck Extension / Kneeling Head Tilt Back | L46: 头后仰跪姿、跪姿颈部后仰、跪式头后仰 | M46: 站姿头后仰、坐姿颈部伸展、俯卧颈部伸展 | N46: 0045_跪姿头后仰_50581201.gif | O46: images/颈部/0045_跪姿头后仰_50581201.gif | P46: gif | Q46: 50581201 | R46: /assets/src/assets/neck | S46: res/57.gif | T46: 288x162 | U46: f32cfae27e94ee1a06a78e55dd0784e3 | V46: 50581201_withnewxunji.mp4
A47: 46 | B47: 50611201 | C47: 平躺头后仰 | D47: 颈部 | H47: 其他 | J47: weight | K47: Supine Head Extension / Lying Head Retraction | L47: 头后仰平躺、仰卧头后仰、平躺颈部后仰 | M47: 坐姿头后仰、站姿颈部伸展、仰卧颈部拉伸 | N47: 0046_平躺头后仰_50611201.gif | O47: images/颈部/0046_平躺头后仰_50611201.gif | P47: gif | Q47: 50611201 | R47: /assets/src/assets/neck | S47: res/8D.gif | T47: 288x162 | U47: 09ed35f932c6e4236a82ef076fd088e4 | V47: 50611201_withnewxunji.mp4
A48: 47 | B48: 51621201 | C48: 抱头后仰 | D48: 颈部 | H48: 其他 | J48: weight | K48: Head-Back Neck Extension / Neck Extension with Hands Behind Head | L48: 后仰抱头、颈部后仰、抱头颈后伸 | M48: 颈部前屈、颈部侧屈、颈部旋转 | N48: 0047_抱头后仰_51621201.gif | O48: images/颈部/0047_抱头后仰_51621201.gif | P48: gif | Q48: 51621201 | R48: /assets/src/assets/neck | S48: res/Oc.gif | T48: 288x162 | U48: 76ee6f280d5abafea964071b073198a1 | V48: 51621201_withnewxunji.mp4
A49: 48 | B49: 51821201 | C49: 猎鸟狗 | D49: 核心稳定 | H49: 其他 | J49: weight | K49: Bird Dog / Bird-Dog Exercise | L49: 鸟狗式、鸟犬式、猎鸟犬 | M49: 平板支撑、死虫式、四足跪姿伸展 | N49: 0048_猎鸟狗_51821201.gif | O49: images/核心稳定/0048_猎鸟狗_51821201.gif | P49: gif | Q49: 51821201-Bird-Dog-v2_Back_ | R49: /assets/src/assets/corestable | S49: res/V8.gif | T49: 288x162 | U49: 664b1356e35a37a412b8d7de006d950d | V49: 51821201-Bird-Dog-v2_Back__withnewxunji.mp4 | AB49: 猎鸟狗_gandy__tingting_2.mp4
A50: 49 | B50: 53041201 | C50: 六角杠深蹲 | D50: 腿 | E50: 下背部、腘绳肌 | F50: 臀大肌、前臂、股四头肌、背阔肌 | G50: 下背部、腘绳肌、臀大肌、前臂、股四头肌、背阔肌 | H50: 其他 | I50: 六角杠（Trap Bar / Hex Bar）、杠铃片、训练垫（可选） | J50: weight | K50: Hex Bar Squat / Trap Bar Squat | L50: 六角杠硬拉深蹲、六角杠杠铃深蹲、六角深蹲、Trap Bar Squat | M50: 传统深蹲、罗马尼亚硬拉、相扑硬拉 | N50: 0049_六角杠深蹲_53041201.gif | O50: images/腿/0049_六角杠深蹲_53041201.gif | P50: gif | Q50: 53041201-Trap-Bar-Squat_Thighs_ | R50: /assets/src/assets/leg | S50: res/AP.gif | T50: 288x162 | U50: 0a90c467ca198f1bc247f8a7edafa55b | V50: 53041201-Trap-Bar-Squat_Thighs__withnewxunji.mp4 | AB50: 六角杠深蹲_xiaoxie_2.mp4
A51: 50 | B51: 55271201 | C51: 悍马机半俯身侧平举 | D51: 肩 | E51: 三角肌中束、三角肌前束 | F51: 三角肌后束 | G51: 三角肌中束、三角肌前束、三角肌后束 | H51: 悍马机 | I51: 悍马器械、悍马机（Hammer Strength器械） | J51: weight | K51: Hammer Strength Half-Bent-Over Lateral Raise / Hammer Machine Lateral Raise | L51: 半俯身悍马机侧平举、悍马机侧平举、坐姿半俯身侧平举 | M51: 哑铃侧平举、绳索侧平举、坐姿器械推举 | N51: 0050_悍马机半俯身侧平举_55271201.gif | O51: images/肩/0050_悍马机半俯身侧平举_55271201.gif | P51: gif | Q51: 55271201-Lever-Seated-Bent-Over-Rear-Delt-Fly_Shoulders_ | R51: /assets/src/assets/shoulder | S51: res/GA1.gif | T51: 288x162 | U51: 18ba1199fb4905f8b36f283bf4cf1ade | V51: 55271201-Lever-Seated-Bent-Over-Rear-Delt-Fly_Shoulders__withnewxunji.mp4 | AB51: 悍马机半俯身侧平举_xiaoxie_2.mp4
A52: 51 | B52: 55401201 | C52: 固定熊爬 | D52: 核心稳定 | H52: 其他 | I52: 无器械、徒手训练 | J52: weight | K52: Bear Crawl Hold / Static Bear Crawl | L52: 静态熊爬、熊爬式静撑、熊式平板支撑 | M52: 平板支撑、动态熊爬、四足支撑 | N52: 0051_固定熊爬_55401201.gif | O52: images/核心稳定/0051_固定熊爬_55401201.gif | P52: gif | Q52: 55401201-Bear-Walk_Plyometrics_ | R52: /assets/src/assets/corestable | S52: res/qN.gif | T52: 288x162 | U52: 55ebc37643904e1ce19dd03d96cbd5f9 | V52: 55401201-Bear-Walk_Plyometrics__withnewxunji.mp4 | AB52: 固定熊爬_gandy__tingting_2.mp4
A53: 52 | B53: 55831201 | C53: 滑轮器卷腹 | D53: 腹部 | E53: 腹直肌、腹斜肌 | G53: 腹直肌、腹斜肌 | H53: 器械 | I53: 固定器械、滑轮器、高位滑轮机、缆绳器械 | J53: weight | K53: Cable Crunch / Machine Crunch | L53: 卷腹滑轮器、滑轮卷腹、器械卷腹 | M53: 仰卧卷腹、悬垂举腿、坐姿卷腹 | N53: 0052_滑轮器卷腹_55831201.gif | O53: images/腹部/0052_滑轮器卷腹_55831201.gif | P53: gif | Q53: 55831201-Lever-Ab-Coaster-Crunch-(female)_Waist_ | R53: /assets/src/assets/cores | S53: res/TM.gif | T53: 288x162 | U53: 44deb6d8c96ef8634b5e60b7afed60fe | V53: 55831201-Lever-Ab-Coaster-Crunch-(female)_Waist__withnewxunji.mp4 | AB53: 滑轮器卷腹_xiaoxie_2.mp4
A54: 53 | B54: 58431201 | C54: 上斜悍马机飞鸟 | D54: 胸 | E54: 上胸、三角肌前束 | F54: 胸大肌 | G54: 上胸、三角肌前束、胸大肌 | H54: 悍马机 | I54: 悍马器械、悍马机、上斜悍马器械、固定轨迹器械 | J54: weight | K54: Incline Hammer Chest Fly / Incline Machine Fly / Hammer Strength Incline Fly | L54: 上斜悍马飞鸟、悍马机上斜飞鸟、上斜飞鸟（悍马机）、上斜器械飞鸟 | M54: 上斜哑铃飞鸟、上斜绳索飞鸟、平板悍马机飞鸟 | N54: 0053_上斜悍马机飞鸟_58431201.gif | O54: images/胸/0053_上斜悍马机飞鸟_58431201.gif | P54: gif | Q54: 58431201-Lever-Incline-Fly_Chest_ | R54: /assets/src/assets/chest | S54: res/JH.gif | T54: 288x162 | U54: 6156448d4bba7c2e582de2886117165d | V54: 58431201-Lever-Incline-Fly_Chest__withnewxunji.mp4 | AB54: 上斜悍马机飞鸟_xiaoxie_2.mp4
A55: 54 | B55: 62701201 | C55: 抬腿杠铃卧推 | D55: 胸 | E55: 胸大肌、三角肌前束 | F55: 上胸、肱三头肌 | G55: 胸大肌、三角肌前束、上胸、肱三头肌 | H55: 杠铃 | I55: 杠铃、平板卧推凳 | J55: weight | K55: Leg Raise Barbell Bench Press / Barbell Leg Raise Bench Press | L55: 杠铃抬腿卧推、悬腿杠铃卧推、抬腿杠铃 bench press | M55: 标准杠铃卧推、哑铃卧推、上斜杠铃卧推 | N55: 0054_抬腿杠铃卧推_62701201.gif | O55: images/胸/0054_抬腿杠铃卧推_62701201.gif | P55: gif | Q55: 62701201-Barbell-Larsen-Press-(male)_Chest_ | R55: /assets/src/assets/chest | S55: res/PR.gif | T55: 288x162 | U55: bccfdb805980c710929a2f8150f058cf | V55: 62701201-Barbell-Larsen-Press-(male)_Chest__withnewxunji.mp4 | AB55: 抬腿杠铃卧推_gandy_2.mp4
A56: 55 | B56: 64951201 | C56: 悍马俯身划船 | D56: 背 | E56: 背阔肌、三角肌后束 | F56: 前臂、斜方肌 | G56: 背阔肌、三角肌后束、前臂、斜方肌 | H56: 悍马机 | I56: 悍马器械、悍马机（Hammer Strength器械） | J56: weight | K56: Hammer Bent-Over Row / Hammer Machine Row | L56: 俯身悍马划船、悍马划船、哈默划船、Hammer划船 | M56: 杠铃俯身划船、坐姿划船、哑铃单臂划船 | N56: 0055_悍马俯身划船_64951201.gif | O56: images/背/0055_悍马俯身划船_64951201.gif | P56: gif | Q56: 64951201-Lever-Bent-Over-Low-Row-(male)_Back_ | R56: /assets/src/assets/back | S56: res/2W.gif | T56: 288x162 | U56: c2c83d4d9150f427f467f17462760f99 | V56: 64951201-Lever-Bent-Over-Low-Row-(male)_Back__withnewxunji.mp4
A57: 56 | B57: 65131201 | C57: 支撑式悍马俯身划船 | D57: 背 | E57: 背阔肌、三角肌后束 | F57: 前臂、斜方肌 | G57: 背阔肌、三角肌后束、前臂、斜方肌 | H57: 悍马机 | I57: 悍马器械、悍马机（Hammer Strength Machine）、配重器械 | J57: weight | K57: Supported Hammer Bent-Over Row / Hammer Bent-Over Row | L57: 悍马俯身划船、支撑俯身划船、悍马划船、俯身悍马划船 | M57: 杠铃俯身划船、坐姿绳索划船、T杠划船 | N57: 0056_支撑式悍马俯身划船_65131201.gif | O57: images/背/0056_支撑式悍马俯身划船_65131201.gif | P57: gif | Q57: 65131201-_ | R57: /assets/src/assets/back | S57: res/Pg.gif | T57: 288x162 | U57: 2bdcde659a851f6c690c5d78c666815b | V57: 65131201-__withnewxunji.mp4 | AB57: 单手支撑式悍马俯身划船_xiaoxie_2.mp4
A58: 57 | B58: 65151201 | C58: 单手支撑式悍马俯身划船 | D58: 背 | E58: 背阔肌、三角肌后束 | F58: 前臂、斜方肌 | G58: 背阔肌、三角肌后束、前臂、斜方肌 | H58: 悍马机 | I58: 悍马器械、悍马机（Hammer Strength Machine）、训练凳（用于支撑） | J58: weight | K58: Single-Arm Supported Hammer Bent-Over Row / Hammer Single-Arm Row | L58: 悍马单手划船、单臂支撑悍马划船、俯身单手悍马划船、单手悍马划船 | M58: 单臂哑铃俯身划船、坐姿绳索划船、T杠划船 | N58: 0057_单手支撑式悍马俯身划船_65151201.gif | O58: images/背/0057_单手支撑式悍马俯身划船_65151201.gif | P58: gif | Q58: 65151201-Lever-Bent-Over-Single-Arm-Neutral-Grip-Row-(with- | R58: /assets/src/assets/back | S58: res/NL.gif | T58: 288x162 | U58: bf9a8305446adc1b5ef355f5c8ef3620 | V58: 65151201-Lever-Bent-Over-Single-Arm-Neutral-Grip-Row-(with-_withnewxunji.mp4 | AB58: 支撑式悍马俯身划船_xiaoxie_2.mp4
A59: 58 | B59: 66171201 | C59: 悍马机外展 | D59: 臀部 | E59: 臀中肌、臀大肌 | G59: 臀中肌、臀大肌 | H59: 悍马机 | I59: 悍马器械、悍马机、固定器械、臀部外展机 | J59: weight | K59: Hammer Machine Hip Abduction / Hip Abduction on Hammer Machine | L59: 悍马外展、器械臀部外展、坐姿悍马外展、臀中肌外展 | M59: 站姿绳索外展、侧卧髋外展、弹力带臀外展 | N59: 0058_悍马机外展_66171201.gif | O59: images/臀部/0058_悍马机外展_66171201.gif | P59: gif | Q59: 66171201-Lever-Glute-Abductors-Press-(female)_Hips_ | R59: /assets/src/assets/hips | S59: res/ft1.gif | T59: 288x162 | U59: 2b7568b8799108bad7262bfe61a71221 | V59: 66171201-Lever-Glute-Abductors-Press-(female)_Hips__withnewxunji.mp4 | AB59: 悍马机外展_xiaoxie_2.mp4
A60: 59 | B60: 67331201 | C60: 哈克机早安 | D60: 臀部 | E60: 臀中肌、臀大肌 | F60: 腘绳肌 | G60: 臀中肌、臀大肌、腘绳肌 | H60: 悍马机 | I60: 悍马器械、哈克机 | J60: weight | K60: Hack Machine Good Morning / Machine Good Morning | L60: 哈克早安、器械早安式、哈克机早安式 | M60: 杠铃早安式、罗马尼亚硬拉、臀桥 | N60: 0059_哈克机早安_67331201.gif | O60: images/臀部/0059_哈克机早安_67331201.gif | P60: gif | Q60: 67331201-Lever-Good-Morning-on-the-Hack-Squat-Machine-(fema | R60: /assets/src/assets/hips | S60: res/-51.gif | T60: 288x162 | U60: c96a7791f5b73c81e0b217fc7f5eb4e3 | V60: 67331201-Lever-Good-Morning-on-the-Hack-Squat-Machine-(fema_withnewxunji.mp4 | AB60: 悍马机早安_tingting_version2_gandy_2.mp4
A61: 60 | B61: 68811201 | C61: 器械大剪刀 | D61: 背 | E61: 背阔肌、三角肌后束 | F61: 前臂 | G61: 背阔肌、三角肌后束、前臂 | H61: 器械 | I61: 大剪刀训练器、固定器械 | J61: weight | K61: Machine Scissors Row / Scissor Lat Pulldown Machine | L61: 大剪刀器械、器械剪刀划船、大剪刀划背 | M61: 坐姿绳索划船、高位下拉、反握引体向上 | N61: 0060_器械大剪刀_68811201.gif | O61: images/背/0060_器械大剪刀_68811201.gif | P61: gif | Q61: 68811201-Lever-Cross-Lat-Pulldown-(male)_Back_ | R61: /assets/src/assets/back | S61: res/8l.gif | T61: 288x162 | U61: 3c9b2e749f9ec65a1d4e07192b444bba | V61: 68811201-Lever-Cross-Lat-Pulldown-(male)_Back__withnewxunji.mp4 | AB61: 器械大剪刀_xiaoxie_2.mp4
A62: 61 | B62: 86461201 | C62: 悍马机大剪刀 | D62: 背 | E62: 背阔肌、三角肌后束 | F62: 前臂 | G62: 背阔肌、三角肌后束、前臂 | H62: 悍马机 | I62: 悍马器械、悍马机（Hammer Strength器械）、配重片 | J62: weight | K62: Hammer Strength Wide Row / Hammer Machine Big Scissors Row | L62: 大剪刀划船、悍马大剪刀、坐姿大剪刀划船、器械大剪刀 | M62: 坐姿绳索划船、杠铃俯身划船、T杠划船 | N62: 0061_悍马机大剪刀_86461201.gif | O62: images/背/0061_悍马机大剪刀_86461201.gif | P62: gif | Q62: 86461201-Lever-Seated-Wide-Lat-Pulldown-(male)_Back_ | R62: /assets/src/assets/back | S62: res/ax1.gif | T62: 288x162 | U62: 886d7fe50eb3768939bb463e6c85c6a8 | V62: 86461201-Lever-Seated-Wide-Lat-Pulldown-(male)_Back__withnewxunji.mp4 | AB62: 悍马机大剪刀_xiaoxie_2.mp4
A63: 62 | B63: 88471201 | C63: 站姿器械侧平举 | D63: 肩 | E63: 三角肌中束、三角肌前束 | G63: 三角肌中束、三角肌前束 | H63: 器械 | I63: 固定器械、器械（固定轨迹肩部训练器） | J63: weight | K63: Standing Machine Lateral Raise / Machine Lateral Raise | L63: 器械侧平举、站姿侧平举、侧平举（器械）、坐姿器械侧平举（误称） | M63: 哑铃侧平举、绳索侧平举、坐姿器械推举 | N63: 0062_站姿器械侧平举_88471201.gif | O63: images/肩/0062_站姿器械侧平举_88471201.gif | P63: gif | Q63: 88471201-Lever-Standing-Lateral-Raise-(male)_Shoulders_ | R63: /assets/src/assets/shoulder | S63: res/5b.gif | T63: 288x162 | U63: 58ad6beec5ca621f5f09e764b94c4e90 | V63: 88471201-Lever-Standing-Lateral-Raise-(male)_Shoulders__withnewxunji.mp4 | AB63: 站姿器械侧平举_xiaoxie_2.mp4
A64: 63 | B64: 93981201 | C64: 站姿器械下夹 | D64: 胸 | E64: 胸大肌、三角肌前束 | F64: 上胸 | G64: 胸大肌、三角肌前束、上胸 | H64: 器械 | I64: 固定器械、器械（飞鸟机或龙门架） | J64: weight | K64: Standing Machine Fly / Machine Pec Fly (Downward) / Cable Chest Fly (Standing) | L64: 器械下夹、站姿下夹胸、下夹胸训练、器械夹胸下拉 | M64: 坐姿器械夹胸、龙门架绳索夹胸、仰卧哑铃飞鸟 | N64: 0063_站姿器械下夹_93981201.gif | O64: images/胸/0063_站姿器械下夹_93981201.gif | P64: gif | Q64: 93981201-Lever-Standing-Pec-Fly_Chest_ | R64: /assets/src/assets/chest | S64: res/kM.gif | T64: 288x162 | U64: adeed0e92e27b0d76e03a9510d8aa6fa | V64: 93981201-Lever-Standing-Pec-Fly_Chest__withnewxunji.mp4 | AB64: 站姿器械下夹_xiaoxie_2.mp4
A65: 64 | B65: 96891201 | C65: 轨道划船器划船 | D65: 背 | E65: 背阔肌、三角肌后束 | F65: 前臂、斜方肌 | G65: 背阔肌、三角肌后束、前臂、斜方肌 | H65: 悍马机 | I65: 悍马器械、轨道划船器、缆绳划船机、健身房划船器械 | J65: weight | K65: Seated Cable Row / Cable Row / Row Machine Exercise | L65: 划船器划船、轨道划船、器械划船、坐姿轨道划船 | M65: 哑铃划船、杠铃划船、坐姿绳索划船 | N65: 0064_轨道划船器划船_96891201.gif | O65: images/背/0064_轨道划船器划船_96891201.gif | P65: gif | Q65: 96891201-Lever-Linear-Delt-Row_Back_ | R65: /assets/src/assets/back | S65: res/14.gif | T65: 288x162 | U65: 40cef3766c179f2844ddaa220921e3d8 | V65: 96891201-Lever-Linear-Delt-Row_Back__withnewxunji.mp4 | AB65: 轨道划船器划船_xiaoxie_2.mp4
A66: 65 | B66: benchpress | C66: 杠铃卧推 | D66: 胸 | E66: 三角肌前束、胸大肌 | F66: 一点前锯肌、三头、胸、上胸 | G66: 三角肌前束、胸大肌、一点前锯肌、三头、胸、上胸、肱三头肌 | H66: 杠铃 | I66: 杠铃、平板卧推凳 | J66: weight | K66: Barbell Bench Press / Bench Press / BB Bench Press | L66: 卧推、杠铃平板卧推、标准卧推、胸推 | M66: 哑铃卧推、上斜杠铃卧推、地板卧推 | N66: 0065_杠铃卧推_benchpress.gif | O66: images/胸/0065_杠铃卧推_benchpress.gif | P66: gif | Q66: 00251301-Barbell-Bench-Press_Chest_180 | R66: /assets/src/assets/chest | S66: res/us1.gif | T66: 180x101 | U66: 98c84c38a2702f75a6dc8c6fc550ea2e | V66: 00251201-Barbell-Bench-Press_Chest_withnewxunji.mp4 | X66: videodescription/trimmed_detail_desc/benchpress__f8219197b8.mp4 | Y66: https://tupian.xunjiapp.cn/videodescription/trimmed_detail_desc/benchpress__f8219197b8.mp4 | Z66: videodescription/trimmed_detail_desc_cover/benchpress__f8219197b8.jpg | AA66: https://tupian.xunjiapp.cn/videodescription/trimmed_detail_desc_cover/benchpress__f8219197b8.jpg | AB66: 杠铃卧推_gandy_2.mp4
A67: 66 | B67: Pause-Barbell-Bench-Press_Chest | C67: 暂停卧推 | D67: 胸 | E67: 三角肌前束、胸大肌 | F67: 一点前锯肌、三头、胸、上胸 | G67: 三角肌前束、胸大肌、一点前锯肌、三头、胸、上胸、肱三头肌 | H67: 杠铃 | I67: 杠铃、平板卧推凳、杠铃架 | J67: weight | K67: Paused Barbell Bench Press / Pause Bench Press / PBBP | L67: 停顿卧推、停顿杠铃卧推、Pause Bench Press、停2秒卧推 | M67: 普通杠铃卧推、爆发式卧推、地板卧推 | N67: 0066_暂停卧推_Pause-Barbell-Bench-Press_Chest.gif | O67: images/胸/0066_暂停卧推_Pause-Barbell-Bench-Press_Chest.gif | P67: gif | Q67: Pause-Barbell-Bench-Press_Chest | R67: /assets/src/assets/chest | S67: res/Uo.gif | T67: 288x162 | U67: 4ac79eb68158839a7f57a1ab112057d5 | V67: Pause-Barbell-Bench-Press_Chest_withnewxunji.mp4 | X67: videodescription/trimmed_detail_desc/pause_barbell_bench_press_chest__4d14783c18.mp4 | Y67: https://tupian.xunjiapp.cn/videodescription/trimmed_detail_desc/pause_barbell_bench_press_chest__4d14783c18.mp4 | Z67: videodescription/trimmed_detail_desc_cover/pause_barbell_bench_press_chest__4d14783c18.jpg | AA67: https://tupian.xunjiapp.cn/videodescription/trimmed_detail_desc_cover/pause_barbell_bench_press_chest__4d14783c18.jpg | AB67: 暂停卧推_gandy_2.mp4
A68: 67 | B68: Barbell-Wide-Bench-Press | C68: 宽距杠铃卧推 | D68: 胸 | E68: 三角肌前束、胸大肌 | F68: 一点前锯肌、三头、胸、上胸 | G68: 三角肌前束、胸大肌、一点前锯肌、三头、胸、上胸、肱三头肌 | H68: 杠铃 | I68: 杠铃、平板卧推凳 | J68: weight | K68: Wide-Grip Barbell Bench Press / Barbell Wide Bench Press | L68: 宽握杠铃卧推、宽距杠铃平板卧推、宽握距杠铃卧推 | M68: 标准杠铃卧推、哑铃平板卧推、上斜杠铃卧推 | N68: 0067_宽距杠铃卧推_Barbell-Wide-Bench-Press.gif | O68: images/胸/0067_宽距杠铃卧推_Barbell-Wide-Bench-Press.gif | P68: gif | Q68: 01221301-Barbell-Wide-Bench-Press_Chest_180 | R68: /assets/src/assets/chest | S68: res/lz1.gif | T68: 180x180 | U68: 437e898f0e281437b324b2dd04c4027d | V68: 01221201-Barbell-Wide-Bench-Press_Chest_withnewxunji.mp4 | X68: videodescription/trimmed_detail_desc/barbell_wide_bench_press__588a96d94c.mp4 | Y68: https://tupian.xunjiapp.cn/videodescription/trimmed_detail_desc/barbell_wide_bench_press__588a96d94c.mp4 | Z68: videodescription/trimmed_detail_desc_cover/barbell_wide_bench_press__588a96d94c.jpg | AA68: https://tupian.xunjiapp.cn/videodescription/trimmed_detail_desc_cover/barbell_wide_bench_press__588a96d94c.jpg | AB68: 宽距杠铃卧推_xiaoxie_2.mp4
A69: 68 | B69: incline-benchpress | C69: 上斜杠铃卧推 | D69: 胸 | E69: 三角肌前束、上胸 | F69: 三头、上胸部、胸、肱三头肌 | G69: 三角肌前束、上胸、三头、上胸部、胸、肱三头肌、胸大肌 | H69: 杠铃 | I69: 杠铃、上斜卧推凳 | J69: weight | K69: Incline Barbell Bench Press / Incline BB Press | L69: 上斜卧推、杠铃上斜卧推、上胸杠铃推举、上斜杠铃推胸 | M69: 平板杠铃卧推、上斜哑铃卧推、器械上斜推胸 | N69: 0068_上斜杠铃卧推_incline-benchpress.gif | O69: images/胸/0068_上斜杠铃卧推_incline-benchpress.gif | P69: gif | Q69: 00471301-Barbell-Incline-Bench-Press_Chest_180 | R69: /assets/src/assets/chest | S69: res/V2.gif | T69: 180x180 | U69: 6126b61a06c1e287c01a45bbdafed430 | V69: 00471201-Barbell-Incline-Bench-Press_Chest_withnewxunji.mp4 | X69: videodescription/trimmed_detail_desc/incline_benchpress__c1040b0f5e.mp4 | Y69: https://tupian.xunjiapp.cn/videodescription/trimmed_detail_desc/incline_benchpress__c1040b0f5e.mp4 | Z69: videodescription/trimmed_detail_desc_cover/incline_benchpress__c1040b0f5e.jpg | AA69: https://tupian.xunjiapp.cn/videodescription/trimmed_detail_desc_cover/incline_benchpress__c1040b0f5e.jpg | AB69: 上斜杠铃卧推_gandy_2.mp4
A70: 69 | B70: decline-bar-benchpress | C70: 下斜杠铃卧推 | D70: 胸 | E70: 胸大肌、三头 | F70: 下胸部、胸、三角肌前束、上胸 | G70: 胸大肌、三头、下胸部、胸、三角肌前束、上胸、肱三头肌 | H70: 杠铃 | I70: 杠铃、下斜卧推凳 | J70: weight | K70: Decline Barbell Bench Press / Decline Barbell Press / DBBP | L70: 下斜杠铃卧推、下斜卧推、杠铃下斜卧推、下斜杠铃推胸 | M70: 平板杠铃卧推、上斜杠铃卧推、下斜哑铃卧推 | N70: 0069_下斜杠铃卧推_decline-bar-benchpress.gif | O70: images/胸/0069_下斜杠铃卧推_decline-bar-benchpress.gif | P70: gif | Q70: 00331301-Barbell-Decline-Bench-Press_Chest_180 | R70: /assets/src/assets/chest | S70: res/Pk.gif | T70: 180x180 | U70: 0125e8e230c7806f68f882af3d57dc33 | V70: 00331201-Barbell-Decline-Bench-Press_Chest_withnewxunji.mp4 | X70: videodescription/trimmed_detail_desc/decline_bar_benchpress__2ea41b4b97.mp4 | Y70: https://tupian.xunjiapp.cn/videodescription/trimmed_detail_desc/decline_bar_benchpress__2ea41b4b97.mp4 | Z70: videodescription/trimmed_detail_desc_cover/decline_bar_benchpress__2ea41b4b97.jpg | AA70: https://tupian.xunjiapp.cn/videodescription/trimmed_detail_desc_cover/decline_bar_benchpress__2ea41b4b97.jpg | AB70: 下斜杠铃卧推_xiaoxie_2.mp4
A71: 70 | B71: dumbellpress | C71: 哑铃卧推 | D71: 胸 | E71: 胸大肌、三头 | F71: 胸、三角肌前束、上胸、肱三头肌 | G71: 胸大肌、三头、胸、三角肌前束、上胸、肱三头肌 | H71: 哑铃 | I71: 哑铃、平板训练凳 | J71: weight | K71: Dumbbell Bench Press / DB Bench Press | L71: 哑铃平板卧推、平板哑铃卧推、哑铃胸推 | M71: 杠铃卧推、上斜哑铃卧推、器械推胸 | N71: 0070_哑铃卧推_dumbellpress.gif | O71: images/胸/0070_哑铃卧推_dumbellpress.gif | P71: gif | Q71: 02891301-Dumbbell-Bench-Press_Chest_180 | R71: /assets/src/assets/chest | S71: res/-k.gif | T71: 180x101 | U71: 6d35f4adc6e776665df2aeec64495912 | V71: 02891201-Dumbbell-Bench-Press_Chest_withnewxunji.mp4 | X71: videodescription/trimmed_detail_desc/dumbellpress__445c9479d3.mp4 | Y71: https://tupian.xunjiapp.cn/videodescription/trimmed_detail_desc/dumbellpress__445c9479d3.mp4 | Z71: videodescription/trimmed_detail_desc_cover/dumbellpress__445c9479d3.jpg | AA71: https://tupian.xunjiapp.cn/videodescription/trimmed_detail_desc_cover/dumbellpress__445c9479d3.jpg | AB71: 哑铃卧推_gandy_2.mp4
A72: 71 | B72: 36681201-Dumbbell-Lying-on-Floor-Chest-Press_Chest | C72: 平躺哑铃卧推 | D72: 胸 | E72: 胸大肌、三头 | F72: 胸、三角肌前束、上胸、肱三头肌 | G72: 胸大肌、三头、胸、三角肌前束、上胸、肱三头肌 | H72: 哑铃 | I72: 哑铃、地板 | J72: weight | K72: Dumbbell Floor Press / Floor Dumbbell Chest Press | L72: 地板哑铃卧推、地面哑铃卧推、哑铃平躺推胸、平地哑铃卧推 | M72: 平板哑铃卧推、上斜哑铃卧推、俯卧撑 | N72: 0071_平躺哑铃卧推_36681201-Dumbbell-Lying-on-Floor-Chest-Press_Chest.gif | O72: images/胸/0071_平躺哑铃卧推_36681201-Dumbbell-Lying-on-Floor-Chest-Press_Chest.gif | P72: gif | Q72: 36681201-Dumbbell-Lying-on-Floor-Chest-Press_Chest | R72: /assets/src/assets/chest | S72: res/Dr1.gif | T72: 180x101 | U72: be429431fccc8c36344467fe16368763 | V72: 36681201-Dumbbell-Lying-on-Floor-Chest-Press_Chest_withnewxunji.mp4 | X72: videodescription/trimmed_detail_desc/36681201_dumbbell_lying_on_floor_chest_press_chest__e5a9c15aa3.mp4 | Y72: https://tupian.xunjiapp.cn/videodescription/trimmed_detail_desc/36681201_dumbbell_lying_on_floor_chest_press_chest__e5a9c15aa3.mp4 | Z72: videodescription/trimmed_detail_desc_cover/36681201_dumbbell_lying_on_floor_chest_press_chest__e5a9c15aa3.jpg | AA72: https://tupian.xunjiapp.cn/videodescription/trimmed_detail_desc_cover/36681201_dumbbell_lying_on_floor_chest_press_chest__e5a9c15aa3.jpg | AB72: 平躺哑铃卧推_xiaoxie_2.mp4
A73: 72 | B73: upperdumbellpress | C73: 上斜哑铃卧推 | D73: 胸 | E73: 上胸、三头 | F73: 胸、三角肌前束、肱三头肌、胸大肌 | G73: 上胸、三头、胸、三角肌前束、肱三头肌、胸大肌 | H73: 哑铃 | I73: 哑铃、上斜凳、训练凳 | J73: weight | K73: Incline Dumbbell Press / Incline DB Press / Incline Dumbbell Bench Press | L73: 上斜哑铃推胸、上斜哑铃卧举、上斜哑铃推举、斜板哑铃卧推、上斜哑铃练上胸 | M73: 平板哑铃卧推、上斜杠铃卧推、哑铃飞鸟 | N73: 0072_上斜哑铃卧推_upperdumbellpress.gif | O73: images/胸/0072_上斜哑铃卧推_upperdumbellpress.gif | P73: gif | Q73: 03141301-Dumbbell-Incline-Bench-Press_Chest_180 | R73: /assets/src/assets/chest | S73: res/gq.gif | T73: 180x101 | U73: 1f0726f5ea8c0ac2801d3bd58d9ceb02 | V73: 03141201-Dumbbell-Incline-Bench-Press_Chest_withnewxunji.mp4 | X73: videodescription/trimmed_detail_desc/upperdumbellpress__525e6108fd.mp4 | Y73: https://tupian.xunjiapp.cn/videodescription/trimmed_detail_desc/upperdumbellpress__525e6108fd.mp4 | Z73: videodescription/trimmed_detail_desc_cover/upperdumbellpress__525e6108fd.jpg | AA73: https://tupian.xunjiapp.cn/videodescription/trimmed_detail_desc_cover/upperdumbellpress__525e6108fd.jpg | AB73: 哑铃上斜卧推_gandy_2.mp4
A74: 73 | B74: decline_dumble_press | C74: 下斜哑铃卧推 | D74: 胸 | E74: 胸大肌、三头 | F74: 胸、胸下沿、三角肌前束、上胸 | G74: 胸大肌、三头、胸、胸下沿、三角肌前束、上胸、肱三头肌 | H74: 哑铃 | I74: 哑铃、下斜训练凳 | J74: weight | K74: Decline Dumbbell Press / Decline DB Press | L74: 下斜哑铃推胸、下斜哑铃卧推举、下斜哑铃平板推胸、下斜哑铃推举 | M74: 平板哑铃卧推、上斜哑铃卧推、下斜杠铃卧推 | N74: 0073_下斜哑铃卧推_decline_dumble_press.gif | O74: images/胸/0073_下斜哑铃卧推_decline_dumble_press.gif | P74: gif | Q74: 03011301-Dumbbell-Decline-Bench-Press_Chest_180 | R74: /assets/src/assets/chest | S74: res/zc.gif | T74: 180x180 | U74: 94eaa7721a46fbe3a9b2847683aa951d | V74: 03011201-Dumbbell-Decline-Bench-Press_Chest_withnewxunji.mp4 | X74: videodescription/trimmed_detail_desc/decline_dumble_press__2644c71808.mp4 | Y74: https://tupian.xunjiapp.cn/videodescription/trimmed_detail_desc/decline_dumble_press__2644c71808.mp4 | Z74: videodescription/trimmed_detail_desc_cover/decline_dumble_press__2644c71808.jpg | AA74: https://tupian.xunjiapp.cn/videodescription/trimmed_detail_desc_cover/decline_dumble_press__2644c71808.jpg | AB74: 下斜哑铃卧推_xiaoxie_2.mp4
A75: 74 | B75: 17311201-Dumbbell-Close-Grip-Press_Upper-Arms | C75: 窄距哑铃卧推 | D75: 胸 | E75: 上胸、胸大肌 | F75: 三头、胸、三角肌前束、肱三头肌 | G75: 上胸、胸大肌、三头、胸、三角肌前束、肱三头肌 | H75: 哑铃 | I75: 哑铃、平板训练凳 | J75: weight | K75: Dumbbell Close-Grip Press / Close-Grip Dumbbell Bench Press | L75: 哑铃窄距卧推、窄距哑铃平板卧推、哑铃窄握卧推 | M75: 杠铃窄距卧推、哑铃标准卧推、上斜哑铃卧推 | N75: 0074_窄距哑铃卧推_17311201-Dumbbell-Close-Grip-Press_Upper-Arms.gif | O75: images/胸/0074_窄距哑铃卧推_17311201-Dumbbell-Close-Grip-Press_Upper-Arms.gif | P75: gif | Q75: 17311301-Dumbbell-Close-Grip-Press_Upper-Arms_180 | R75: /assets/src/assets/chest | S75: res/iE.gif | T75: 180x180 | U75: ffcd9fb60307c98056907a2352401121 | V75: 17311201-Dumbbell-Close-Grip-Press_Upper-Arms_withnewxunji.mp4 | X75: videodescription/trimmed_detail_desc/17311201_dumbbell_close_grip_press_upper_arms__c6bd631004.mp4 | Y75: https://tupian.xunjiapp.cn/videodescription/trimmed_detail_desc/17311201_dumbbell_close_grip_press_upper_arms__c6bd631004.mp4 | Z75: videodescription/trimmed_detail_desc_cover/17311201_dumbbell_close_grip_press_upper_arms__c6bd631004.jpg | AA75: https://tupian.xunjiapp.cn/videodescription/trimmed_detail_desc_cover/17311201_dumbbell_close_grip_press_upper_arms__c6bd631004.jpg | AB75: 窄距哑铃卧推_gandy_2.mp4
A76: 75 | B76: machinepress | C76: 器械推胸 | D76: 胸 | E76: 胸大肌、三头 | F76: 胸、三角肌前束、上胸、肱三头肌 | G76: 胸大肌、三头、胸、三角肌前束、上胸、肱三头肌 | H76: 器械 | I76: 固定器械、固定器械（推胸机） | J76: weight | K76: Machine Chest Press / Chest Press Machine | L76: 推胸器械、器械胸部推举、坐姿器械推胸、固定器械推胸 | M76: 悍马机卧推、史密斯机卧推、坐姿推胸 | N76: 0075_器械推胸_machinepress.gif | O76: images/胸/0075_器械推胸_machinepress.gif | P76: gif | Q76: 05771301-Lever-Chest-Press_Chest_180 | R76: /assets/src/assets/chest | S76: res/Hl1.gif | T76: 180x180 | U76: 6277c217551e0641323f70e4430f748f | V76: 05771201-Lever-Chest-Press_Chest_withnewxunji.mp4
A77: 76 | B77: hammermachine_press | C77: 悍马机推胸 | D77: 胸 | E77: 胸大肌、三头 | F77: 胸、三角肌前束、上胸、肱三头肌 | G77: 胸大肌、三头、胸、三角肌前束、上胸、肱三头肌 | H77: 悍马机 | I77: 悍马器械、悍马机、固定轨迹推胸器械、Hammer Strength器械 | J77: weight | K77: Hammer Machine Chest Press / Hammer Strength Chest Press / Hammer Press | L77: 悍马推胸、哈默机推胸、器械推胸（悍马机）、坐姿悍马推胸 | M77: 器械推胸、坐姿推胸、史密斯机卧推 | N77: 0076_悍马机推胸_hammermachine_press.gif | O77: images/胸/0076_悍马机推胸_hammermachine_press.gif | P77: gif | Q77: 05761301-Lever-Chest-Press-(plate-loaded)_Chest_180 | R77: /assets/src/assets/chest | S77: res/2A.gif | T77: 180x180 | U77: 50a6c5e2b307ce72acd55a405eaa34e5 | V77: 05761201-Lever-Chest-Press-(plate-loaded)_Chest_withnewxunji.mp4 | X77: videodescription/trimmed_detail_desc/hammermachine_press__d8f509ee2f.mp4 | Y77: https://tupian.xunjiapp.cn/videodescription/trimmed_detail_desc/hammermachine_press__d8f509ee2f.mp4 | Z77: videodescription/trimmed_detail_desc_cover/hammermachine_press__d8f509ee2f.jpg | AA77: https://tupian.xunjiapp.cn/videodescription/trimmed_detail_desc_cover/hammermachine_press__d8f509ee2f.jpg | AB77: 器械推胸_gandy_2.mp4
A78: 77 | B78: smithpress | C78: 史密斯机卧推 | D78: 胸 | E78: 胸大肌、三头 | F78: 胸、三角肌前束、上胸、肱三头肌 | G78: 胸大肌、三头、胸、三角肌前束、上胸、肱三头肌 | H78: 史密斯机 | I78: 史密斯机 | J78: weight | K78: Smith Machine Bench Press / Smith Press | L78: 史密斯卧推、史密斯机平板卧推、史密斯胸推 | M78: 杠铃卧推、哑铃卧推、器械推胸 | N78: 0077_史密斯机卧推_smithpress.gif | O78: images/胸/0077_史密斯机卧推_smithpress.gif | P78: gif | Q78: 07481301-Smith-Bench-Press_Chest_180 | R78: /assets/src/assets/chest | S78: res/kN.gif | T78: 180x180 | U78: cd72ca88c9209b8d7fa9601e797cd8d5 | V78: 07481201-Smith-Bench-Press_Chest_withnewxunji.mp4 | X78: videodescription/trimmed_detail_desc/smithpress__144899946d.mp4 | Y78: https://tupian.xunjiapp.cn/videodescription/trimmed_detail_desc/smithpress__144899946d.mp4 | Z78: videodescription/trimmed_detail_desc_cover/smithpress__144899946d.jpg | AA78: https://tupian.xunjiapp.cn/videodescription/trimmed_detail_desc_cover/smithpress__144899946d.jpg | AB78: 史密斯卧推_gandy_2.mp4
A79: 78 | B79: 07531201-Smith-Decline-Bench-Press_Chest_small | C79: 下斜史密斯机卧推 | D79: 胸 | E79: 胸大肌、三头 | F79: 三角前束、胸、三角肌前束、上胸 | G79: 胸大肌、三头、三角前束、胸、三角肌前束、上胸、肱三头肌 | H79: 史密斯机 | I79: 史密斯机、下斜凳 | J79: weight | K79: Smith Machine Decline Bench Press / Decline Smith Press | L79: 史密斯下斜卧推、下斜史密斯卧推、史密斯机下斜推胸 | M79: 平板史密斯机卧推、上斜史密斯机卧推、下斜哑铃卧推 | N79: 0078_下斜史密斯机卧推_07531201-Smith-Decline-Bench-Press_Chest_small.gif | O79: images/胸/0078_下斜史密斯机卧推_07531201-Smith-Decline-Bench-Press_Chest_small.gif | P79: gif | Q79: 07531301-Smith-Decline-Bench-Press_Chest_180 | R79: /assets/src/assets/chest | S79: res/0L.gif | T79: 180x180 | U79: b67ebc680abbe054e52f0451f8fce27d | V79: 07531201-Smith-Decline-Bench-Press_Chest_withnewxunji.mp4
A80: 79 | B80: 07571201-Smith-Incline-Bench-Press_Chest_small | C80: 上斜史密斯机卧推 | D80: 胸 | E80: 上胸、三头 | F80: 三角前束、胸、三角肌前束、肱三头肌 | G80: 上胸、三头、三角前束、胸、三角肌前束、肱三头肌、胸大肌 | H80: 史密斯机 | I80: 史密斯机、上斜凳 | J80: weight | K80: Smith Machine Incline Bench Press / Incline Smith Press | L80: 史密斯上斜卧推、上斜史密斯卧推、史密斯机上斜推胸 | M80: 上斜杠铃卧推、史密斯机平板卧推、哑铃上斜卧推 | N80: 0079_上斜史密斯机卧推_07571201-Smith-Incline-Bench-Press_Chest_small.gif | O80: images/胸/0079_上斜史密斯机卧推_07571201-Smith-Incline-Bench-Press_Chest_small.gif | P80: gif | Q80: 07571301-Smith-Incline-Bench-Press_Chest_180 | R80: /assets/src/assets/chest | S80: res/eC.gif | T80: 180x180 | U80: f891edc1ac48a3c607db0930160b77f8 | V80: 07571201-Smith-Incline-Bench-Press_Chest_withnewxunji.mp4 | X80: videodescription/trimmed_detail_desc/07571201_smith_incline_bench_press_chest_small__00bd989e54.mp4 | Y80: https://tupian.xunjiapp.cn/videodescription/trimmed_detail_desc/07571201_smith_incline_bench_press_chest_small__00bd989e54.mp4 | Z80: videodescription/trimmed_detail_desc_cover/07571201_smith_incline_bench_press_chest_small__00bd989e54.jpg | AA80: https://tupian.xunjiapp.cn/videodescription/trimmed_detail_desc_cover/07571201_smith_incline_bench_press_chest_small__00bd989e54.jpg | AB80: 上斜史密斯卧推2024_gandy_2.mp4
A81: 80 | B81: 29191201-Smith-Hex-Press_Chest_small | C81: 史密斯 V-bar 卧推 | D81: 胸 | E81: 上胸、胸大肌 | F81: 三头、三角前束、胸、三角肌前束 | G81: 上胸、胸大肌、三头、三角前束、胸、三角肌前束、肱三头肌 | H81: 史密斯机 | I81: 史密斯机、V-bar（V型杠） | J81: weight | K81: Smith Machine V-bar Press / Smith V-bar Bench Press / V-bar Smith Press | L81: V-bar 史密斯卧推、史密斯V杠卧推、V杠史密斯卧推、史密斯器械V杆卧推 | M81: 史密斯平板卧推、哑铃夹胸、绳索夹胸 | N81: 0080_史密斯_V-bar_卧推_29191201-Smith-Hex-Press_Chest_small.gif | O81: images/胸/0080_史密斯_V-bar_卧推_29191201-Smith-Hex-Press_Chest_small.gif | P81: gif | Q81: 29191301-Smith-Hex-Press_Chest_180 | R81: /assets/src/assets/chest | S81: res/j_1.gif | T81: 180x180 | U81: 839b45ae461582e86847242eca03e48c | V81: 29191201-Smith-Hex-Press_Chest_withnewxunji.mp4 | X81: videodescription/trimmed_detail_desc/29191201_smith_hex_press_chest_small__7005dbba89.mp4 | Y81: https://tupian.xunjiapp.cn/videodescription/trimmed_detail_desc/29191201_smith_hex_press_chest_small__7005dbba89.mp4 | Z81: videodescription/trimmed_detail_desc_cover/29191201_smith_hex_press_chest_small__7005dbba89.jpg | AA81: https://tupian.xunjiapp.cn/videodescription/trimmed_detail_desc_cover/29191201_smith_hex_press_chest_small__7005dbba89.jpg | AB81: 史密斯_V-bar_卧推_xiaoxie_2.mp4
A82: 81 | B82: fly | C82: 哑铃飞鸟 | D82: 胸 | E82: 胸大肌、胸 | F82: 三角肌前束、上胸 | G82: 胸大肌、胸、三角肌前束、上胸 | H82: 哑铃 | I82: 哑铃 | J82: weight | K82: Dumbbell Fly / DB Fly | L82: 飞鸟、哑铃飞鸟动作、胸肌飞鸟、上胸飞鸟 | M82: 平板哑铃卧推、上斜哑铃飞鸟、绳索夹胸 | N82: 0081_哑铃飞鸟_fly.gif | O82: images/胸/0081_哑铃飞鸟_fly.gif | P82: gif | Q82: 03081301-Dumbbell-Fly_Chest-FIX_180 | R82: /assets/src/assets/chest | S82: res/hi.gif | T82: 180x180 | U82: dd2db97434ec70226e706496cfea7efa | V82: 03081201-Dumbbell-Fly_Chest_withnewxunji.mp4 | X82: videodescription/trimmed_detail_desc/fly__6dc25fa91b.mp4 | Y82: https://tupian.xunjiapp.cn/videodescription/trimmed_detail_desc/fly__6dc25fa91b.mp4 | Z82: videodescription/trimmed_detail_desc_cover/fly__6dc25fa91b.jpg | AA82: https://tupian.xunjiapp.cn/videodescription/trimmed_detail_desc_cover/fly__6dc25fa91b.jpg | AB82: 平板哑铃飞鸟_gandy_2.mp4
A83: 82 | B83: 41491201-Dumbbell-Floor-Fly_Chest.gif | C83: 平躺哑铃飞鸟 | D83: 胸 | E83: 胸大肌、胸 | F83: 三角肌前束、上胸 | G83: 胸大肌、胸、三角肌前束、上胸 | H83: 哑铃 | I83: 哑铃、地板/地面 | J83: weight | K83: Dumbbell Floor Fly / Floor Dumbbell Fly / DB Floor Fly | L83: 哑铃平躺飞鸟、地面哑铃飞鸟、地板哑铃飞鸟、平地哑铃飞鸟 | M83: 平板哑铃飞鸟、上斜哑铃飞鸟、哑铃卧推 | N83: 0082_平躺哑铃飞鸟_41491201-Dumbbell-Floor-Fly_Chest.gif.gif | O83: images/胸/0082_平躺哑铃飞鸟_41491201-Dumbbell-Floor-Fly_Chest.gif.gif | P83: gif | Q83: 41491201-Dumbbell-Floor-Fly_Chest | R83: /assets/src/assets/chest | S83: res/fX1.gif | T83: 180x101 | U83: 089231054dbb6f1992acec71b4465466 | V83: 41491201-Dumbbell-Floor-Fly_Chest_withnewxunji.mp4 | X83: videodescription/trimmed_detail_desc/41491201_dumbbell_floor_fly_chest_gif__dfc3f33f43.mp4 | Y83: https://tupian.xunjiapp.cn/videodescription/trimmed_detail_desc/41491201_dumbbell_floor_fly_chest_gif__dfc3f33f43.mp4 | Z83: videodescription/trimmed_detail_desc_cover/41491201_dumbbell_floor_fly_chest_gif__dfc3f33f43.jpg | AA83: https://tupian.xunjiapp.cn/videodescription/trimmed_detail_desc_cover/41491201_dumbbell_floor_fly_chest_gif__dfc3f33f43.jpg | AB83: 平躺哑铃飞鸟_xiaoxie_2.mp4
A84: 83 | B84: machinefly | C84: 把手式蝴蝶机飞鸟 | D84: 胸 | E84: 胸大肌、胸 | F84: 三角肌前束、上胸 | G84: 胸大肌、胸、三角肌前束、上胸 | H84: 器械 | I84: 固定器械、蝴蝶机、把手式器械、固定轨迹器械 | J84: weight | K84: Machine Chest Fly / Pec Deck Fly / Chest Fly Machine | L84: 蝴蝶机飞鸟、器械飞鸟、坐姿蝴蝶机夹胸、机器飞鸟 | M84: 哑铃飞鸟、绳索夹胸、俯卧撑 | N84: 0083_把手式蝴蝶机飞鸟_machinefly.gif | O84: images/胸/0083_把手式蝴蝶机飞鸟_machinefly.gif | P84: gif | Q84: 05961301-Lever-Seated-Fly_Chest_180 | R84: /assets/src/assets/chest | S84: res/4v.gif | T84: 180x180 | U84: ae3b286aa6b2a62c90543c0f2c0998ab | V84: 05961201-Lever-Seated-Fly_Chest_withnewxunji.mp4 | X84: videodescription/trimmed_detail_desc/machinefly__5a8c1f670c.mp4 | Y84: https://tupian.xunjiapp.cn/videodescription/trimmed_detail_desc/machinefly__5a8c1f670c.mp4 | Z84: videodescription/trimmed_detail_desc_cover/machinefly__5a8c1f670c.jpg | AA84: https://tupian.xunjiapp.cn/videodescription/trimmed_detail_desc_cover/machinefly__5a8c1f670c.jpg | AB84: 蝴蝶机夹胸_gandy_2.mp4
A85: 84 | B85: 10301301-Lever-Pec-Deck-Fly_Chest_180.gif | C85: 蝴蝶机飞鸟 | D85: 胸 | E85: 胸大肌、胸 | F85: 三角肌前束、上胸 | G85: 胸大肌、胸、三角肌前束、上胸 | H85: 器械 | I85: 固定器械、蝴蝶机、器械、健身房固定器械 | J85: weight | K85: Pec Deck Fly / Machine Chest Fly / Lever Pec Fly | L85: 器械飞鸟、坐姿蝴蝶夹胸、蝴蝶夹胸、飞鸟夹胸 | M85: 哑铃飞鸟、绳索夹胸、仰卧飞鸟 | N85: 0084_蝴蝶机飞鸟_10301301-Lever-Pec-Deck-Fly_Chest_180.gif.gif | O85: images/胸/0084_蝴蝶机飞鸟_10301301-Lever-Pec-Deck-Fly_Chest_180.gif.gif | P85: gif | Q85: 10301301-Lever-Pec-Deck-Fly_Chest_180 | R85: /assets/src/assets/chest | S85: res/ey.gif | T85: 180x180 | U85: 063be34fa76e9f9e3fe83c60d228d16c | V85: 10301201-Lever-Pec-Deck-Fly_Chest_withnewxunji.mp4
A86: 85 | B86: cablefly | C86: 绳索十字夹胸 | D86: 胸 | E86: 胸大肌、胸 | F86: 三角肌前束、上胸 | G86: 胸大肌、胸、三角肌前束、上胸 | H86: 绳索 | I86: 绳索器械、龙门架、绳索把手、缆绳器械 | J86: weight | K86: Cable Crossover / Cable Fly / Cable Chest Fly | L86: 绳索夹胸、十字夹胸、缆绳夹胸、绳索飞鸟、缆绳飞鸟 | M86: 哑铃飞鸟、上斜哑铃飞鸟、蝴蝶机夹胸 | N86: 0085_绳索十字夹胸_cablefly.gif | O86: images/胸/0085_绳索十字夹胸_cablefly.gif | P86: gif | Q86: 02271301-Cable-Standing-Fly_Chest_180 | R86: /assets/src/assets/chest | S86: res/g3.gif | T86: 180x180 | U86: f63915add379e03fa315b87bcc154e29 | V86: 02271201-Cable-Standing-Fly_Chest_withnewxunji.mp4 | X86: videodescription/trimmed_detail_desc/cablefly__87a89f2b48.mp4 | Y86: https://tupian.xunjiapp.cn/videodescription/trimmed_detail_desc/cablefly__87a89f2b48.mp4 | Z86: videodescription/trimmed_detail_desc_cover/cablefly__87a89f2b48.jpg | AA86: https://tupian.xunjiapp.cn/videodescription/trimmed_detail_desc_cover/cablefly__87a89f2b48.jpg | AB86: 绳索十字夹胸_gandy_2.mp4
A87: 86 | B87: front_cablefly | C87: 绳索夹胸 | D87: 胸 | E87: 胸大肌、胸 | F87: 三角肌前束、上胸 | G87: 胸大肌、胸、三角肌前束、上胸 | H87: 绳索 | I87: 绳索器械、龙门架、绳索把手、缆绳机 | J87: weight | K87: Cable Chest Fly / Front Cable Fly / Cable Crossover | L87: 绳索飞鸟、站姿绳索夹胸、缆绳夹胸、绳索胸前交叉 | M87: 哑铃飞鸟、器械夹胸、俯卧撑 | N87: 0086_绳索夹胸_front_cablefly.gif | O87: images/胸/0086_绳索夹胸_front_cablefly.gif | P87: gif | Q87: 01881301-Cable-Middle-Fly_Chest_180 | R87: /assets/src/assets/chest | S87: res/SS.gif | T87: 180x180 | U87: 1fbd1932695b81d156c5820cb4e75b99 | V87: 01881201-Cable-Middle-Fly_Chest_withnewxunji.mp4 | X87: videodescription/trimmed_detail_desc/front_cablefly__cefa721c1e.mp4 | Y87: https://tupian.xunjiapp.cn/videodescription/trimmed_detail_desc/front_cablefly__cefa721c1e.mp4 | Z87: videodescription/trimmed_detail_desc_cover/front_cablefly__cefa721c1e.jpg | AA87: https://tupian.xunjiapp.cn/videodescription/trimmed_detail_desc_cover/front_cablefly__cefa721c1e.jpg | AB87: 龙门架绳索夹胸_gandy_2.mp4
A88: 87 | B88: bench_pullover | C88: 仰卧屈臂上抬 | D88: 胸 | E88: 上胸、一点三头 | F88: 前锯肌、背阔肌、胸、三角肌前束 | G88: 上胸、一点三头、前锯肌、背阔肌、胸、三角肌前束、胸大肌 | H88: 哑铃 | I88: 哑铃、平板卧推凳 | J88: weight | K88: Dumbbell Pullover / Bench Pullover | L88: 屈臂上拉、仰卧哑铃上拉、哑铃仰卧屈臂上抬、上胸屈臂上抬 | M88: 上斜哑铃卧推、哑铃飞鸟、绳索下压（侧重上胸激活时） | N88: 0087_仰卧屈臂上抬_bench_pullover.gif | O88: images/胸/0087_仰卧屈臂上抬_bench_pullover.gif | P88: gif | Q88: 03751301-Dumbbell-Pullover_Chest_180 | R88: /assets/src/assets/chest | S88: res/1f.gif | T88: 180x180 | U88: 142048d66328e2726bbf7e55d3ba8ace | V88: 03751201-Dumbbell-Pullover_Chest_withnewxunji.mp4 | X88: videodescription/trimmed_detail_desc/bench_pullover__acb1661d56.mp4 | Y88: https://tupian.xunjiapp.cn/videodescription/trimmed_detail_desc/bench_pullover__acb1661d56.mp4 | Z88: videodescription/trimmed_detail_desc_cover/bench_pullover__acb1661d56.jpg | AA88: https://tupian.xunjiapp.cn/videodescription/trimmed_detail_desc_cover/bench_pullover__acb1661d56.jpg | AB88: 仰卧屈臂上抬_xiaoxie_2.mp4
A89: 88 | B89: bardips | C89: 双杠臂屈伸 | D89: 胸 | E89: 胸大肌、一点背阔 | F89: 三头、三角前束、下胸、胸 | G89: 胸大肌、一点背阔、三头、三角前束、下胸、胸、三角肌前束、上胸、肱三头肌 | H89: 自重 | I89: 自重、双杠、平行杠、自重训练器械 | J89: plus_weight | K89: Dips / Chest Dips / Parallel Bar Dips | L89: 双杠臂屈伸、双杠屈臂撑、双杠俯身撑、双杠 dips、臂屈伸 | M89: 窄距俯卧撑、仰卧臂屈伸（法式推举）、器械夹胸 | N89: 0088_双杠臂屈伸_bardips.gif | O89: images/胸/0088_双杠臂屈伸_bardips.gif | P89: gif | Q89: 02511301-Chest-Dip_Chest_180 | R89: /assets/src/assets/chest | S89: res/B8.gif | T89: 180x180 | U89: 11a8c1c8d536627b50d643924acec212 | V89: 02511201-Chest-Dip_Chest_withnewxunji.mp4 | X89: videodescription/trimmed_detail_desc/bardips__73a3b970f1.mp4 | Y89: https://tupian.xunjiapp.cn/videodescription/trimmed_detail_desc/bardips__73a3b970f1.mp4 | Z89: videodescription/trimmed_detail_desc_cover/bardips__73a3b970f1.jpg | AA89: https://tupian.xunjiapp.cn/videodescription/trimmed_detail_desc_cover/bardips__73a3b970f1.jpg | AB89: 双杠臂屈伸_gandy_2.mp4
A90: 89 | B90: bardips_weighted | C90: 双杠臂屈伸（负重） | D90: 胸 | E90: 胸大肌、一点背阔 | F90: 三头、三角前束、下胸、胸 | G90: 胸大肌、一点背阔、三头、三角前束、下胸、胸、三角肌前束、上胸、肱三头肌 | H90: 自重 | I90: 自重、双杠、负重腰带、哑铃、杠铃片、负重背心 | J90: plus_weight | K90: Weighted Dips / Weighted Chest Dips | L90: 负重双杠臂屈伸、双杠负重臂屈伸、负重双杠 dips、加权双杠臂屈伸 | M90: 双杠臂屈伸（自重）、绳索下压、上斜哑铃卧推 | N90: 0089_双杠臂屈伸（负重）_bardips_weighted.gif | O90: images/胸/0089_双杠臂屈伸（负重）_bardips_weighted.gif | P90: gif | Q90: 02511301-Chest-Dip_Chest_180 | R90: /assets/src/assets/chest | S90: res/B8.gif | T90: 180x180 | U90: 11a8c1c8d536627b50d643924acec212 | V90: 02511201-Chest-Dip_Chest_withnewxunji.mp4 | X90: videodescription/trimmed_detail_desc/bardips_weighted__b77af107ab.mp4 | Y90: https://tupian.xunjiapp.cn/videodescription/trimmed_detail_desc/bardips_weighted__b77af107ab.mp4 | Z90: videodescription/trimmed_detail_desc_cover/bardips_weighted__8636f09731.jpg | AA90: https://tupian.xunjiapp.cn/videodescription/trimmed_detail_desc_cover/bardips_weighted__8636f09731.jpg | AB90: 双杠臂屈伸（负重）_xiaoxie_2.mp4
A91: 90 | B91: pushup-xunji | C91: 俯卧撑 | D91: 胸 | E91: 胸大肌、三头 | F91: 三角前束、胸、三角肌前束、上胸 | G91: 胸大肌、三头、三角前束、胸、三角肌前束、上胸、肱三头肌 | H91: 自重 | I91: 自重、徒手、无器械、自重训练 | J91: plus_weight | K91: Push-up / Pushup | L91: 标准俯卧撑、普通俯卧撑、经典俯卧撑、伏地挺身 | M91: 跪姿俯卧撑、上斜俯卧撑、下斜俯卧撑 | N91: 0090_俯卧撑_pushup-xunji.gif | O91: images/胸/0090_俯卧撑_pushup-xunji.gif | P91: gif | Q91: 06621301-Push-up-m_Chest-FIX_180 | R91: /assets/src/assets/chest | S91: res/2V.gif | T91: 180x180 | U91: c485d6a991fe24df83de74bb8368610f | V91: 06621201-Push-up-m_Chest.mp4 | X91: videodescription/trimmed_detail_desc/pushup_xunji__1a512864fd.mp4 | Y91: https://tupian.xunjiapp.cn/videodescription/trimmed_detail_desc/pushup_xunji__1a512864fd.mp4 | Z91: videodescription/trimmed_detail_desc_cover/pushup_xunji__20260409a.jpg | AA91: https://tupian.xunjiapp.cn/videodescription/trimmed_detail_desc_cover/pushup_xunji__20260409a.jpg | AB91: 000001-pushup_mp4_small_withicon.mp4
A92: 91 | B92: pushup-to-steps | C92: 上台阶俯卧撑 | D92: 胸 | E92: 胸大肌、三头 | F92: 三角前束、胸、三角肌前束、上胸 | G92: 胸大肌、三头、三角前束、胸、三角肌前束、上胸、肱三头肌 | H92: 自重 | I92: 自重、杠铃片、台阶、自重训练 | J92: plus_weight | K92: Push-up to Steps / Step Push-up / Elevated Push-up | L92: 台阶俯卧撑、上阶俯卧撑、俯卧撑上台阶、垫高俯卧撑 | M92: 标准俯卧撑、上斜俯卧撑、下斜俯卧撑 | N92: 0091_上台阶俯卧撑_pushup-to-steps.jpg | O92: images/胸/0091_上台阶俯卧撑_pushup-to-steps.jpg | P92: jpg | Q92: pushup-to-steps | R92: /assets/src/assets/chest | S92: res/9n.jpg | T92: 1966x1128 | U92: e09be3d368ad34e27e0402e782abcd50
A93: 92 | B93: knee-push-up-fz | C93: 跪姿俯卧撑 | D93: 胸 | E93: 胸大肌、三头 | F93: 三角前束、胸、三角肌前束、上胸 | G93: 胸大肌、三头、三角前束、胸、三角肌前束、上胸、肱三头肌 | H93: 自重 | I93: 自重、无器械、徒手训练、瑜伽垫（可选） | J93: plus_weight | K93: Knee Push-Up / Modified Push-Up / Beginner Push-Up | L93: 跪式俯卧撑、跪地俯卧撑、膝盖俯卧撑、女生俯卧撑、简易俯卧撑 | M93: 标准俯卧撑、上斜俯卧撑、下斜俯卧撑 | N93: 0092_跪姿俯卧撑_knee-push-up-fz.gif | O93: images/胸/0092_跪姿俯卧撑_knee-push-up-fz.gif | P93: gif | Q93: knee-push-up | R93: /assets/src/assets/chest | S93: res/Cu.gif | T93: 150x84 | U93: 5be39e9c11f846bb67ec154319d3d55f | AB93: 000001-pushup_mp4_small_withicon.mp4
A94: 93 | B94: weighted-push-up-fz | C94: 俯卧撑（负重） | D94: 胸 | E94: 胸大肌、三头 | F94: 三角前束、胸、三角肌前束、上胸 | G94: 胸大肌、三头、三角前束、胸、三角肌前束、上胸、肱三头肌 | H94: 自重 | I94: 自重、书包、重物、负重背心（可选替代） | J94: plus_weight | K94: Weighted Push-up / Weighted Pushup | L94: 负重俯卧撑、加重俯卧撑、背包俯卧撑、负重掌上压 | M94: 标准俯卧撑、上斜俯卧撑、窄距俯卧撑 | N94: 0093_俯卧撑（负重）_weighted-push-up-fz.gif | O94: images/胸/0093_俯卧撑（负重）_weighted-push-up-fz.gif | P94: gif | Q94: weighted-push-up | R94: /assets/src/assets/chest | S94: res/0l.gif | T94: 150x84 | U94: 9741a34162cbc98f85c64f6f57f9b814 | AB94: 000001-pushup_mp4_small_withicon.mp4
A95: 94 | B95: reverse-grip-push-up-fz | C95: 反手俯卧撑 | D95: 胸 | E95: 三头、三角前束 | F95: 胸 | G95: 三头、三角前束、胸 | H95: 自重 | I95: 自重、桌子、台子、稳固平面边缘 | J95: plus_weight | K95: Reverse Grip Push-up / Reverse Hand Push-up | L95: 反握俯卧撑、反向俯卧撑、上胸俯卧撑 | M95: 上斜俯卧撑、钻石俯卧撑、标准俯卧撑 | N95: 0094_反手俯卧撑_reverse-grip-push-up-fz.gif | O95: images/胸/0094_反手俯卧撑_reverse-grip-push-up-fz.gif | P95: gif | Q95: reverse-grip-push-up | R95: /assets/src/assets/chest | S95: res/wf.gif | T95: 150x84 | U95: f3fe0d6462cf1c1ac60008f60f72329f | X95: videodescription/trimmed_detail_desc/reverse_grip_push_up_fz__5d70fcaa94.mp4 | Y95: https://tupian.xunjiapp.cn/videodescription/trimmed_detail_desc/reverse_grip_push_up_fz__5d70fcaa94.mp4 | Z95: videodescription/trimmed_detail_desc_cover/reverse_grip_push_up_fz__5d70fcaa94.jpg | AA95: https://tupian.xunjiapp.cn/videodescription/trimmed_detail_desc_cover/reverse_grip_push_up_fz__5d70fcaa94.jpg | AB95: 000001_reverse_push_up_small_withicon.mp4
A96: 95 | B96: reverse-weighted-grip-push-up-fz | C96: 反手俯卧撑（负重） | D96: 胸 | E96: 三头、三角前束 | F96: 胸 | G96: 三头、三角前束、胸 | H96: 自重 | I96: 自重、书包、重物、桌子或台子 | J96: plus_weight | K96: Reverse Grip Weighted Push-Up / Weighted Reverse Hand Push-Up | L96: 负重反手俯卧撑、反握负重俯卧撑、上胸反手俯卧撑（负重） | M96: 反手俯卧撑、负重俯卧撑、上斜俯卧撑 | N96: 0095_反手俯卧撑（负重）_reverse-weighted-grip-push-up-fz.gif | O96: images/胸/0095_反手俯卧撑（负重）_reverse-weighted-grip-push-up-fz.gif | P96: gif | Q96: reverse_push_up_weighted | R96: /assets/src/assets/chest | S96: res/og.gif | T96: 150x84 | U96: 8c8d6b32c4eb283240bfc1edff9f2529 | AB96: 000001_reverse_push_up_small_withicon.mp4
A97: 96 | B97: dip-grip-push-up-fz | C97: 臂屈伸式俯卧撑 | D97: 胸 | E97: 三头、三角前束 | F97: 胸 | G97: 三头、三角前束、胸 | H97: 自重 | I97: 自重、书籍、垫高物、自重训练 | J97: plus_weight | K97: Dip-Grip Push-Up / Dip-Style Push-Up / Chest-Dip Push-Up | L97: 臂屈伸俯卧撑、俯卧撑臂屈伸式、下斜俯卧撑（误称，需注意）、双杠臂屈伸替代俯卧撑 | M97: 双杠臂屈伸、下斜俯卧撑、窄距俯卧撑 | N97: 0096_臂屈伸式俯卧撑_dip-grip-push-up-fz.gif | O97: images/胸/0096_臂屈伸式俯卧撑_dip-grip-push-up-fz.gif | P97: gif | Q97: dip-grip-push-up-fz | R97: /assets/src/assets/chest | S97: res/Bd.gif | T97: 150x85 | U97: 95cacfa83e06e9bc3790f58dce64d275 | V97: 00001_dips_push_up_small_withicon.mp4
A98: 97 | B98: dip-harder-grip-push-up-fz | C98: 臂屈伸式俯卧撑（负重） | D98: 胸 | E98: 三头、三角前束 | F98: 胸 | G98: 三头、三角前束、胸 | H98: 自重 | I98: 自重、书包、重物（如书本、哑铃片等） | J98: plus_weight | K98: Weighted Dip-Style Push-Up / Weighted Bench Dip Push-Up | L98: 负重臂屈伸俯卧撑、负重双杠臂屈伸式俯卧撑、书包负重臂屈伸俯卧撑 | M98: 双杠臂屈伸、下斜俯卧撑、窄距俯卧撑 | N98: 0097_臂屈伸式俯卧撑（负重）_dip-harder-grip-push-up-fz.gif | O98: images/胸/0097_臂屈伸式俯卧撑（负重）_dip-harder-grip-push-up-fz.gif | P98: gif | Q98: weighted-dip-grip-push-up-fz | R98: /assets/src/assets/chest | S98: res/WD.gif | T98: 150x110 | U98: e9301749a3844c4f1a5fcdbff2b827f9 | V98: 00001_dips_push_up_small_withicon.mp4
A99: 98 | B99: floor-knee-fly-fz | C99: 地板飞鸟 | D99: 胸 | E99: 三头、三角前束 | F99: 胸 | G99: 三头、三角前束、胸 | H99: 自重 | I99: 自重、毛巾、光滑地面 | J99: plus_weight | K99: Floor Fly / Kneeling Floor Fly / Towel Floor Fly | L99: 跪姿地板飞鸟、毛巾地板飞鸟、自重地板飞鸟 | M99: 俯卧撑、跪姿俯卧撑、哑铃飞鸟 | N99: 0098_地板飞鸟_floor-knee-fly-fz.gif | O99: images/胸/0098_地板飞鸟_floor-knee-fly-fz.gif | P99: gif | Q99: floor-knee-fly-fz | R99: /assets/src/assets/chest | S99: res/qn.gif | T99: 150x123 | U99: 0ca297a1580e231d5abb15ec8be2ec66 | X99: videodescription/trimmed_detail_desc/floor_knee_fly_fz__f639dd2da9.mp4 | Y99: https://tupian.xunjiapp.cn/videodescription/trimmed_detail_desc/floor_knee_fly_fz__f639dd2da9.mp4 | Z99: videodescription/trimmed_detail_desc_cover/floor_knee_fly_fz__f639dd2da9.jpg | AA99: https://tupian.xunjiapp.cn/videodescription/trimmed_detail_desc_cover/floor_knee_fly_fz__f639dd2da9.jpg | AB99: 000001_out_put_floor_fly_small_withicon.mp4
A100: 99 | B100: floor-fly-fz | C100: 地板飞鸟（中难度） | D100: 胸 | E100: 三头、三角前束 | F100: 胸 | G100: 三头、三角前束、胸 | H100: 自重 | I100: 自重、毛巾、光滑地面 | J100: plus_weight | K100: Floor Fly (Intermediate) / Floor Fly Mid-Difficulty | L100: 地板飞鸟、中等难度地板飞鸟、毛巾地板飞鸟、自重地板飞鸟 | M100: 标准俯卧撑、宽距俯卧撑、钻石俯卧撑 | N100: 0099_地板飞鸟（中难度）_floor-fly-fz.gif | O100: images/胸/0099_地板飞鸟（中难度）_floor-fly-fz.gif | P100: gif | Q100: fly_midlle | R100: /assets/src/assets/chest | S100: res/bc1.gif | T100: 150x84 | U100: 454aba5c889dfc8b4c33841f03780486 | AB100: 000001_out_put_floor_fly_small_withicon.mp4
...

Sheet 分类统计
A1: 身体部位分类 | B1: 动作数量 | C1: 有本地媒体 | D1: 本地媒体覆盖率
A2: 颈部 | B2: =COUNTIF(动作库!$D$2:$D$1041,A2) | C2: =COUNTIFS(动作库!$D$2:$D$1041,A2,动作库!$K$2:$K$1041,"<>") | D2: =IFERROR(C2/B2,0)
A3: 胸 | B3: =COUNTIF(动作库!$D$2:$D$1041,A3) | C3: =COUNTIFS(动作库!$D$2:$D$1041,A3,动作库!$K$2:$K$1041,"<>") | D3: =IFERROR(C3/B3,0)
A4: 热身动作 | B4: =COUNTIF(动作库!$D$2:$D$1041,A4) | C4: =COUNTIFS(动作库!$D$2:$D$1041,A4,动作库!$K$2:$K$1041,"<>") | D4: =IFERROR(C4/B4,0)
A5: 背 | B5: =COUNTIF(动作库!$D$2:$D$1041,A5) | C5: =COUNTIFS(动作库!$D$2:$D$1041,A5,动作库!$K$2:$K$1041,"<>") | D5: =IFERROR(C5/B5,0)
A6: 腿 | B6: =COUNTIF(动作库!$D$2:$D$1041,A6) | C6: =COUNTIFS(动作库!$D$2:$D$1041,A6,动作库!$K$2:$K$1041,"<>") | D6: =IFERROR(C6/B6,0)
A7: 臀部 | B7: =COUNTIF(动作库!$D$2:$D$1041,A7) | C7: =COUNTIFS(动作库!$D$2:$D$1041,A7,动作库!$K$2:$K$1041,"<>") | D7: =IFERROR(C7/B7,0)
A8: 腹部 | B8: =COUNTIF(动作库!$D$2:$D$1041,A8) | C8: =COUNTIFS(动作库!$D$2:$D$1041,A8,动作库!$K$2:$K$1041,"<>") | D8: =IFERROR(C8/B8,0)
A9: 肩 | B9: =COUNTIF(动作库!$D$2:$D$1041,A9) | C9: =COUNTIFS(动作库!$D$2:$D$1041,A9,动作库!$K$2:$K$1041,"<>") | D9: =IFERROR(C9/B9,0)
A10: 有氧 | B10: =COUNTIF(动作库!$D$2:$D$1041,A10) | C10: =COUNTIFS(动作库!$D$2:$D$1041,A10,动作库!$K$2:$K$1041,"<>") | D10: =IFERROR(C10/B10,0)
A11: 二头 | B11: =COUNTIF(动作库!$D$2:$D$1041,A11) | C11: =COUNTIFS(动作库!$D$2:$D$1041,A11,动作库!$K$2:$K$1041,"<>") | D11: =IFERROR(C11/B11,0)
A12: 核心稳定 | B12: =COUNTIF(动作库!$D$2:$D$1041,A12) | C12: =COUNTIFS(动作库!$D$2:$D$1041,A12,动作库!$K$2:$K$1041,"<>") | D12: =IFERROR(C12/B12,0)
A13: 三头 | B13: =COUNTIF(动作库!$D$2:$D$1041,A13) | C13: =COUNTIFS(动作库!$D$2:$D$1041,A13,动作库!$K$2:$K$1041,"<>") | D13: =IFERROR(C13/B13,0)
... A21: Tabata | B21: =COUNTIF(动作库!$D$2:$D$1041,A21) | C21: =COUNTIFS(动作库!$D$2:$D$1041,A21,动作库!$K$2:$K$1041,"<>") | D21: =IFERROR(C21/B21,0)
A24: 数据概览 | B24: 数量
A25: 动作总数 | B25: 1040
A26: 可匹配APK本地媒体 | B26: 1035
A27: 其中GIF | B27: 1030
A28: 其中JPG | B28: 5
A29: 存在mp4字段 | B29: 885
A30: 存在明确完整主视频URL | B30: 404
A31: 存在动作讲解视频映射 | B31: 601

Sheet 字段说明
A1: 字段/文件 | B1: 说明
A2: 身体部位分类 | B2: 来自APK内动作元数据的 category 字段，共20类，不是根据动作名称人工猜测。
A3: 主要肌群/次要肌群 | B3: 来自APK内标准化 muscles.primary / muscles.secondary 数据。
A4: 本地媒体文件 | B4: 从APK资源中按动作URI依赖关系精确匹配后导出的文件名。
A5: 图片相对路径 | B5: 对应配套图片ZIP中的路径，例如 images/胸/xxxx.gif。
A6: APK资源原名 | B6: React Native registerAsset 中的原始资源名称。
A7: APK物理路径 | B7: APK内部资源混淆后的实际文件路径，例如 res/us1.gif。
A8: 原始mp4字段 | B8: 动作对象中的原始 mp4 字段；有些是完整URL，有些只是文件名。
A9: 主视频URL | B9: 只保留APK里已经明确写成完整URL的地址，没有擅自拼接。
A10: 动作讲解视频相对路径 | B10: APK内 videodescription 映射表中的讲解视频相对路径。
A11: 图片交付方式 | B11: Excel与图片ZIP分开提供；ZIP内按身体部位建立文件夹，GIF保持原格式。
A12: 未匹配本地媒体 | B12: 1040个动作中有5个未在该基础APK内找到可精确匹配的本地图片/GIF。
